Description,Revenue,units,Customers
  DOORMAT UNION JACK GUNS AND ROSES,620.25,99,25
 3 STRIPEY MICE FELTCRAFT,855.0,464,54
 4 PURPLE FLOCK DINNER CANDLES,342.88,232,21
 50'S CHRISTMAS GIFT BAG LARGE,1631.0,1372,64
 ANIMAL STICKERS,45.57,217,6
 BLACK PIRATE TREASURE CHEST,44.55,27,9
 BROWN  PIRATE TREASURE CHEST ,42.9,26,4
 Bank Charges,15.0,1,1
 CAMPHOR WOOD PORTOBELLO MUSHROOM,28.75,23,4
 CHERRY BLOSSOM  DECORATIVE FLASK,911.1,266,11
 DOLLY GIRL BEAKER,2462.0,2160,73
 FLAMINGO LIGHTS,1211.65,289,23
 HOME SWEET HOME  BLACKBOARD,417.51,69,17
 I LOVE LONDON MINI BACKPACK,1134.45,283,38
 I LOVE LONDON MINI RUCKSACK,4.15,1,1
 IVORY PAPER CUP CAKE CASES ,450.7,1018,14
 LARGE SKULL WINDMILL,12.600000000000001,6,1
 NINE DRAWER OFFICE TIDY,538.4499999999999,37,20
 OVAL WALL MIRROR DIAMANTE ,721.65,88,24
 PAINT YOUR OWN CANVAS SET,158.39999999999998,96,7
 PEACE WOODEN BLOCK LETTERS,388.95,57,16
 RED SPOT GIFT BAG LARGE,1607.25,1353,57
 RED/WHITE DOT MINI CASES,2552.28,348,69
 RIDGED GLASS T-LIGHT HOLDER,102.20000000000002,172,5
 SET 2 TEA TOWELS I LOVE LONDON ,8019.9,2946,111
 SET Of 6 SOLDIER SKITTLES,60.0,16,3
 SILVER CHERRY LIGHTS,357.75,53,14
 SILVER T-LIGHT SETTING,159.15,25,10
 SPACEBOY BABY GIFT SET,5071.7,326,65
 STAR  T-LIGHT HOLDER ,1.45,1,1
 TOADSTOOL BEDSIDE LIGHT ,17.9,2,1
 TRELLIS COAT RACK,818.5500000000001,177,30
 VINTAGE DESIGN GIFT TAGS,178.5,210,16
 WHITE BAMBOO RIBS LAMPSHADE,136.35999999999999,196,5
 WHITE CHERRY LIGHTS,8858.85,1521,89
10 COLOUR SPACEBOY PEN,6487.45,7903,170
11 PC CERAMIC TEA SET POLKADOT,14.850000000000001,3,1
12 ASS ZINC CHRISTMAS DECORATIONS,283.5,135,18
12 COLOURED PARTY BALLOONS,1668.25,2573,103
12 DAISY PEGS IN WOOD BOX,895.9499999999999,543,72
12 EGG HOUSE PAINTED WOOD,3476.42,336,44
12 HANGING EGGS HAND PAINTED,54.08,26,4
12 IVORY ROSE PEG PLACE SETTINGS,2158.58,1798,86
12 MESSAGE CARDS WITH ENVELOPES,2652.0,1680,111
12 MINI TOADSTOOL PEGS,345.0,276,46
12 PENCIL SMALL TUBE WOODLAND,4408.950000000001,6987,171
12 PENCILS SMALL TUBE POSY,222.3,342,29
12 PENCILS SMALL TUBE RED RETROSPOT,4199.1,6542,155
12 PENCILS SMALL TUBE RED SPOTTY,2756.1000000000004,4394,101
12 PENCILS SMALL TUBE SKULL,5254.8,8400,166
12 PENCILS TALL TUBE POSY,1194.9399999999998,3542,92
12 PENCILS TALL TUBE RED RETROSPOT,1849.31,2183,110
12 PENCILS TALL TUBE RED SPOTTY,1193.09,1433,77
12 PENCILS TALL TUBE SKULLS,2144.68,2536,126
12 PENCILS TALL TUBE WOODLAND,2068.5899999999997,2463,121
12 PINK HEN+CHICKS IN BASKET,142.79999999999998,56,21
12 PINK ROSE PEG PLACE SETTINGS,1453.58,1234,51
12 RED ROSE PEG PLACE SETTINGS,1110.88,896,73
15 PINK FLUFFY CHICKS IN BOX,44.25,15,10
15CM CHRISTMAS GLASS BALL 20 LIGHTS,12229.400000000001,1672,160
16 PC CUTLERY SET PANTRY DESIGN,63.8,4,1
16 PIECE CUTLERY SET PANTRY DESIGN,2188.9,158,27
18PC WOODEN CUTLERY SET DISPOSABLE,575.15,487,18
2 DAISIES HAIR COMB,35.400000000000006,12,3
2 PICTURE BOOK EGGS EASTER BUNNY,608.75,619,39
2 PICTURE BOOK EGGS EASTER CHICKS,530.0,556,25
2 PICTURE BOOK EGGS EASTER DUCKS,495.0,528,28
20 DOLLY PEGS RETROSPOT,4454.4800000000005,3652,160
200 BENDY SKULL STRAWS,1200.4,1088,33
200 RED + WHITE BENDY STRAWS,1854.6100000000001,1553,98
24 HANGING EASTER EGGS FLORAL TUB,1685.8500000000001,511,49
3 BIRDS CANVAS SCREEN,2.04,2,2
3 BLACK CATS W HEARTS BLANK CARD,3.2300000000000004,17,2
3 DRAWER ANTIQUE WHITE WOOD CABINET,4928.78,570,99
3 GARDENIA MORRIS BOXED CANDLES,1384.48,508,41
3 HEARTS HANGING DECORATION RUSTIC,16765.71,6021,177
3 HOOK HANGER MAGIC GARDEN,4075.3499999999995,2317,53
3 HOOK PHOTO SHELF ANTIQUE WHITE,16528.22,2394,130
3 PIECE JIGSAW TOADSTOOLS,13.2,8,1
3 PIECE SPACEBOY COOKIE CUTTER SET,4165.240000000001,2100,133
3 PINK HEN+CHICKS IN BASKET,91.1,82,10
3 RAFFIA RIBBONS 50'S CHRISTMAS ,1059.56,1142,75
3 RAFFIA RIBBONS VINTAGE CHRISTMAS,420.95,461,23
3 ROSE MORRIS BOXED CANDLES,1209.35,687,63
3 STRIPEY MICE FELTCRAFT,8568.7,4802,214
3 TIER CAKE TIN GREEN AND CREAM,4811.61,359,75
3 TIER CAKE TIN RED AND CREAM,7505.83,559,103
3 TIER SWEETHEART GARDEN SHELF,919.7,26,22
3 TRADITIONAL COOKIE CUTTERS  SET,633.6,336,9
3 TRADITIONAl BISCUIT CUTTERS  SET,2144.7200000000003,1041,111
3 WHITE CHOC MORRIS BOXED CANDLES,1313.85,629,47
3 WICK CHRISTMAS BRIAR CANDLE ,367.5,98,21
36 DOILIES DOLLY GIRL,1971.35,1439,65
36 DOILIES SPACEBOY DESIGN ,791.9,566,32
36 DOILIES VINTAGE CHRISTMAS,6843.65,5021,129
36 FOIL HEART CAKE CASES,3279.0900000000006,1706,99
36 FOIL STAR CAKE CASES ,1939.0400000000002,1135,78
36 PENCILS TUBE POSY,61.25,49,13
36 PENCILS TUBE RED RETROSPOT,3703.51,3099,106
36 PENCILS TUBE RED SPOTTY,2809.11,2347,84
36 PENCILS TUBE SKULLS,2904.74,2370,123
36 PENCILS TUBE WOODLAND,2815.14,2274,129
3D CHRISTMAS STAMPS STICKERS ,1502.68,1204,80
3D DOG PICTURE PLAYING CARDS,2451.3,870,51
3D HEARTS  HONEYCOMB PAPER GARLAND,1583.0500000000002,551,42
3D SHEET OF CAT STICKERS,722.5,850,55
3D SHEET OF DOG STICKERS,703.7299999999999,827,53
3D SHEET OF SEA WORLD STICKERS,81.6,96,14
3D STICKERS CHRISTMAS STAMPS,681.0,560,21
3D STICKERS TRADITIONAL CHRISTMAS ,575.0,460,20
3D STICKERS VINTAGE CHRISTMAS,681.0,560,24
3D TRADITIONAL CHRISTMAS STICKERS,1733.56,1352,107
3D VINTAGE CHRISTMAS STICKERS ,2044.86,1630,102
4 BLUE DINNER CANDLES SILVER FLOCK,348.45,167,17
4 BURGUNDY WINE DINNER CANDLES,272.69,505,21
4 FESTIVE GREEN DINNER CANDLES,23.91,51,2
4 GOLD FLOCK CHRISTMAS BALLS,141.75,81,13
4 IVORY DINNER CANDLES GOLD FLOCK,827.16,720,28
4 IVORY DINNER CANDLES SILVER FLOCK,1461.65,883,72
4 LAVENDER BOTANICAL DINNER CANDLES,1150.0,656,55
4 LILY  BOTANICAL DINNER CANDLES,1185.0,448,42
4 PEAR BOTANICAL DINNER CANDLES,951.75,425,53
4 PINK DINNER CANDLE SILVER FLOCK,302.08,216,19
4 PINK FLOCK CHRISTMAS BALLS,170.5,104,17
4 ROSE PINK DINNER CANDLES,214.71,363,13
4 SKY BLUE DINNER CANDLES,193.46,346,12
4 TRADITIONAL SPINNING TOPS,6604.53,5192,223
4 VANILLA BOTANICAL CANDLES,1060.0,632,63
4 WILDFLOWER BOTANICAL CANDLES,939.25,389,45
5 HOOK BLACKBOARD ORGANISER ,1728.8899999999999,211,51
5 HOOK HANGER MAGIC TOADSTOOL,2311.0499999999997,1517,50
5 HOOK HANGER RED MAGIC TOADSTOOL,6187.049999999999,4125,75
5 STRAND GLASS NECKLACE AMBER,25.4,4,4
5 STRAND GLASS NECKLACE AMETHYST,57.15,9,7
5 STRAND GLASS NECKLACE BLACK,44.45,7,3
5 STRAND GLASS NECKLACE CRYSTAL,76.19999999999999,12,8
50'S CHRISTMAS PAPER GIFT BAG,781.14,977,57
50CM METAL STRING WITH  7 CLIPS,176.97,237,16
6 CHOCOLATE LOVE HEART T-LIGHTS,3407.26,1757,84
6 CROCHET STRAWBERRIES,826.39,721,30
6 EGG HOUSE PAINTED WOOD,4290.09,595,79
6 GIFT TAGS 50'S CHRISTMAS ,1757.4199999999998,2146,138
6 GIFT TAGS VINTAGE CHRISTMAS ,2047.9199999999998,2496,134
6 HOOK JEWELLERY STAND BLACK DRESS,865.3499999999999,427,14
6 RABBIT CHAIN EASTER,30.599999999999998,36,3
6 RIBBONS ELEGANT CHRISTMAS ,2827.1,2036,116
6 RIBBONS EMPIRE  ,1890.6599999999999,1380,105
6 RIBBONS RUSTIC CHARM,19248.14,11464,310
6 RIBBONS SHIMMERING PINKS ,1008.5899999999999,1099,64
6 ROCKET BALLOONS ,1562.25,2361,113
6 SEGMENT COLOURED SNACK BOWL ,79.5,10,5
60 CAKE CASES DOLLY GIRL DESIGN,3478.11,6913,166
60 CAKE CASES VINTAGE CHRISTMAS,9215.82,18594,284
60 GOLD AND SILVER FAIRY CAKE CASES,1557.83,3329,67
60 TEATIME FAIRY CAKE CASES,18777.260000000002,39075,391
6PC WOOD PLATE SET DISPOSABLE,437.0,400,13
70'S ALPHABET WALL ART,977.1,142,10
72 CAKE CASES DOLLY GIRL DESIGN,326.65,679,16
72 CAKE CASES VINTAGE CHRISTMAS,1532.8400000000001,3116,56
72 ROUND PINK DOILIES,82.64999999999999,57,9
72 SWEETHEART FAIRY CAKE CASES,12603.83,26872,330
75 BLACK FAIRY CAKE CASES,355.6,760,19
75 BLACK PETIT FOUR CASES,172.2,410,32
75 GREEN FAIRY CAKE CASES,743.98,1551,46
75 GREEN PETIT FOUR CASES,429.24,1022,57
A PRETTY THANK YOU CARD,126.72,312,19
A4 WALL TIDY BLUE OFFICE,113.46000000000001,210,5
A4 WALL TIDY RED FLOWERS,2.6,4,1
ABC TREASURE BOOK BOX ,3446.26,1676,90
ABSTRACT CIRCLE JOURNAL ,1032.75,543,48
ABSTRACT CIRCLES NOTEBOOK,128.7,78,26
ABSTRACT CIRCLES POCKET BOOK,101.14999999999999,119,27
ABSTRACT CIRCLES SKETCHBOOK ,1064.33,408,51
"ACRYLIC BEAD CHAIN, BLUE",87.02,229,1
"ACRYLIC BEAD CHAIN, PINK",43.32,114,1
ACRYLIC GEOMETRIC LAMP,240.35,13,7
"ACRYLIC HANGING JEWEL,BLUE",83.4,192,12
"ACRYLIC HANGING JEWEL,PINK",9.879999999999999,26,3
"ACRYLIC JEWEL ANGEL,BLUE",52.93,137,2
"ACRYLIC JEWEL ANGEL,PINK",80.24000000000001,202,4
"ACRYLIC JEWEL ICICLE, BLUE",104.53999999999999,235,5
"ACRYLIC JEWEL ICICLE, PINK",96.9,255,10
"ACRYLIC JEWEL SNOWFLAKE, PINK",58.38,131,4
"ACRYLIC JEWEL SNOWFLAKE,BLUE",70.68,186,2
"ACRYLIC JEWEL SNOWFLAKE,PINK",101.4,244,2
ADULT APRON APPLE DELIGHT,713.73,143,21
ADVENT CALENDAR GINGHAM SACK,7299.18,1270,157
AFGHAN SLIPPER SOCK PAIR,3910.85,1193,19
AGED GLASS SILVER T-LIGHT HOLDER,5862.8,9616,132
AIRLINE BAG VINTAGE JET SET BROWN,1280.25,285,65
AIRLINE BAG VINTAGE JET SET RED,2777.99,591,116
AIRLINE BAG VINTAGE JET SET WHITE,1305.99,275,74
AIRLINE BAG VINTAGE TOKYO 78,4423.63,969,126
AIRLINE BAG VINTAGE WORLD CHAMPION ,1599.73,333,85
"AIRLINE LOUNGE,METAL SIGN",1439.8100000000002,701,79
ALARM CLOCK BAKELIKE CHOCOLATE,7137.84,1938,148
ALARM CLOCK BAKELIKE GREEN,21801.46,5887,241
ALARM CLOCK BAKELIKE IVORY,11210.75,2982,187
ALARM CLOCK BAKELIKE ORANGE,8699.55,2370,152
ALARM CLOCK BAKELIKE PINK,18556.73,5078,221
ALARM CLOCK BAKELIKE RED ,26558.59,7402,271
ALPHABET HEARTS STICKER SHEET,525.3,618,36
ALPHABET STENCIL CRAFT,3820.94,3371,127
ALUMINIUM HEART,29.880000000000003,12,2
ALUMINIUM STAMPED HEART,1379.45,581,62
AMBER BERTIE MOBILE PHONE CHARM,8.45,5,1
AMBER CHUNKY BEAD BRACELET W STRAP,143.2,16,5
AMBER CHUNKY GLASS+BEAD NECKLACE,119.5,10,5
AMBER CRYSTAL DROP EARRINGS,2.95,1,1
AMBER DIAMANTE EXPANDABLE RING,68.0,16,6
AMBER DROP EARRINGS W LONG BEADS,20.650000000000002,7,3
AMBER FINE BEAD NECKLACE W TASSEL,17.85,3,2
AMBER GLASS BRACELET HEART CHARMS,4.95,1,1
AMBER GLASS TASSLE BAG CHARM,8.850000000000001,3,1
AMBER GLASS/SHELL/PEARL NECKLACE,26.849999999999998,3,2
AMBER GLASS/SILVER BRACELET,74.1,9,5
AMETHYST CHUNKY BEAD BRACELET W STR,196.89999999999998,22,11
AMETHYST DIAMANTE EXPANDABLE RING,12.75,3,3
AMETHYST HOOP EARRING FLORAL LEAF,67.85000000000001,23,7
ANGEL DECORATION 3 BUTTONS ,1683.3,4049,89
ANGEL DECORATION PAINTED ZINC ,1022.95,1751,39
ANGEL DECORATION STARS ON DRESS,1506.96,3636,73
ANGEL DECORATION WITH LACE PADDED,993.65,1169,57
ANGEL ON KNEES METAL POLE 100CM H,5.1,6,1
ANIMAL STICKERS,524.22,2502,32
ANIMALS AND NATURE WALL ART,833.97,243,12
ANT COPPER LIME BOUDICCA BRACELET,178.20000000000002,36,12
ANT COPPER PINK BOUDICCA BRACELET,136.15,28,7
ANT COPPER RED BOUDICCA BRACELET,54.45,11,5
ANT COPPER TURQ BOUDICCA BRACELET,113.85000000000001,23,9
ANT SILVER FUSCHIA BOUDICCA RING,112.10000000000001,38,7
ANT SILVER LIME GREEN BOUDICCA RING,147.5,50,10
ANT SILVER PURPLE BOUDICCA RING,70.80000000000001,24,5
ANT SILVER TURQUOISE BOUDICCA RING,73.75,25,6
ANT WHITE HIGH RISE BIRD BOX,287.0,47,2
ANT WHITE IRON BASKET,103.05000000000001,19,5
ANT WHITE WIRE HEART SPIRAL,3945.41,1163,104
ANTIQUE ALL GLASS CANDLESTICK,1308.02,861,60
ANTIQUE CREAM CUTLERY CUPBOARD,306.0,24,10
ANTIQUE CREAM CUTLERY SHELF ,442.0,52,23
ANTIQUE EDWARDIAN DRESSER,380.4,24,6
ANTIQUE GLASS DRESSING TABLE POT,4605.91,1609,102
ANTIQUE GLASS HEART DECORATION ,2077.2,1080,60
ANTIQUE GLASS PEDESTAL BOWL,2658.0,733,92
ANTIQUE GLASS PLACE SETTING,281.25,225,15
ANTIQUE GLASS RIDGED HANGING BALL,796.5,438,21
ANTIQUE HEART SHELF UNIT,3279.9,230,43
ANTIQUE IVORY WIRE BOWL SMALL,194.22000000000003,78,16
ANTIQUE LILY FAIRY LIGHTS,9417.7,2098,91
ANTIQUE MID BLUE FLOWER EARRINGS,17.0,4,2
ANTIQUE OLIVE GREEN FLOWER EARRINGS,42.5,10,3
ANTIQUE OPAL WHITE FLOWER EARRINGS,8.5,2,2
ANTIQUE SILVER BAUBLE LAMP  ,2033.55,216,40
ANTIQUE SILVER T-LIGHT GLASS,10609.98,9106,179
ANTIQUE SILVER TEA GLASS ENGRAVED,8617.62,7462,132
ANTIQUE SILVER TEA GLASS ETCHED,16171.59,14163,205
ANTIQUE TALL SWIRLGLASS TRINKET POT,2618.38,712,82
APOTHECARY MEASURING JAR,472.0,41,10
APPLE BATH SPONGE,2705.54,2219,82
APRON APPLE DELIGHT,1439.75,305,51
APRON MODERN VINTAGE COTTON,934.85,383,43
AQUA BERTIE GLASS BEAD BAG CHARM,45.900000000000006,29,4
ARCHED GREY MIRROR,417.45000000000005,67,10
AREA PATROLLED METAL SIGN,12370.94,6274,144
ARMY CAMO BOOKCOVER TAPE,6.72,16,4
ARMY CAMO WRAPPING TAPE,20.150000000000006,31,8
"ART LIGHTS,FUNK MONKEY",1134.45,419,27
ASS COL CIRCLE MOBILE ,255.95999999999998,702,5
ASS COL LARGE SAND FROG P'WEIGHT,265.5,270,31
ASS COL LARGE SAND GECKO P'WEIGHT,312.75,315,23
ASS COL SMALL SAND FROG P'WEIGHT,166.62,431,9
ASS COL SMALL SAND GECKO P'WEIGHT,340.02,861,28
ASS COLOUR GLOWING TIARAS,311.7,426,24
ASS DES PHONE SPONGE CRAFT STICKER,168.29,405,10
ASS FLORAL PRINT MULTI SCREWDRIVER,844.9,1732,69
ASS FLORAL PRINT SCISSORS,131.25,105,11
ASS FLORAL PRINT SPIRIT LEVEL ,74.4,56,21
ASS FLORAL PRINT TAPE MEASURE,197.94,162,9
ASS FLORAL PRINT TORCH,72.6,44,5
"ASS RETROSPOOF MUGS,SPORTS",36.41,61,3
ASS WINDPROOF MARIJUANA LIGHTERS,6.3,15,2
ASSORTED BOTTLE TOP  MAGNETS ,771.84,2014,63
ASSORTED CAKES FRIDGE MAGNETS,1038.88,1616,65
ASSORTED CHEESE FRIDGE MAGNETS,282.19,443,19
ASSORTED CIRCULAR MOBILE,169.38,906,11
ASSORTED COLOUR BIRD ORNAMENT,98677.81999999999,62678,425
ASSORTED COLOUR JUMBO PEN,82.74,198,12
ASSORTED COLOUR LIZARD SUCTION HOOK,539.1,1383,17
ASSORTED COLOUR METAL CAT ,154.85,133,13
ASSORTED COLOUR MINI CASES,15264.539999999999,2194,187
ASSORTED COLOUR SET 6 TEASPOONS,629.0,148,23
ASSORTED COLOUR SILK COIN PURSE,1054.32,2553,19
ASSORTED COLOUR SILK COSMETIC PURSE,1152.25,1128,27
ASSORTED COLOUR SILK GLASSES CASE,808.44,1724,19
ASSORTED COLOUR SUCTION CUP HOOK,47.50000000000001,250,12
ASSORTED COLOUR T-LIGHT HOLDER,2640.62,4138,81
ASSORTED COLOURED CIRCLE MOBILE ,15.54,37,4
ASSORTED COLOURS SILK FAN,18104.9,25286,148
ASSORTED CREEPY CRAWLIES,1708.51,4087,72
ASSORTED DESIGN FLOWER MUGS,5.1,6,2
ASSORTED EASTER DECORATIONS  BELLS,789.3100000000001,719,14
ASSORTED EASTER GIFT TAGS,690.18,834,39
ASSORTED FARMYARD ANIMALS IN BUCKET,209.19,255,18
ASSORTED FLORAL SECATEURS,272.9,180,17
"ASSORTED FLOWER COLOUR ""LEIS""",8635.02,18414,82
ASSORTED FRAGRANCE BATH CONFETTI,10.08,24,3
ASSORTED ICE CREAM FRIDGE MAGNETS,1184.01,1893,57
ASSORTED INCENSE PACK,1378.77,7817,18
ASSORTED LAQUERED INCENSE HOLDERS,294.03000000000003,1583,14
ASSORTED MINI MADRAS NOTEBOOK,580.92,828,18
ASSORTED MONKEY SUCTION CUP HOOK,371.82,971,19
ASSORTED SANSKRIT MINI NOTEBOOK,427.5,342,13
ASSORTED SANTA CHRISTMAS DECORATION,17.849999999999998,21,2
ASSORTED SHAPES PHOTO CLIP SILVER ,414.88,944,11
ASSORTED TUTTI FRUTTI  FOB NOTEBOOK,684.52,820,39
ASSORTED TUTTI FRUTTI BRACELET,523.25,1771,45
ASSORTED TUTTI FRUTTI HEART BOX,632.5,506,31
ASSORTED TUTTI FRUTTI KEYRING,152.14999999999998,179,8
ASSORTED TUTTI FRUTTI KEYRING BALL,311.84,584,20
ASSORTED TUTTI FRUTTI LARGE PURSE,657.3000000000001,313,40
ASSORTED TUTTI FRUTTI MIRROR,874.7,718,32
ASSORTED TUTTI FRUTTI NOTEBOOK,1050.0000000000002,500,36
ASSORTED TUTTI FRUTTI PEN,960.9099999999999,1743,62
ASSORTED TUTTI FRUTTI PHOTO FRAME,306.80000000000007,104,12
ASSORTED TUTTI FRUTTI ROUND BOX,740.8499999999999,449,39
ASSORTED TUTTI FRUTTI SMALL PURSE,1774.98,1482,48
ASSORTED WHITE EMBOSSED CHINA MUGS,1084.8000000000002,568,18
ASSTD COL BUTTERFLY/CRYSTAL W/CHIME,193.94,442,5
ASSTD DESIGN 3D PAPER STICKERS,459.3,956,29
ASSTD DESIGN BUBBLE GUM RING,2148.9,10290,107
ASSTD DESIGN POP ART SLIM PEN,237.15,279,7
ASSTD DESIGN RACING CAR PEN,3702.0499999999997,2389,61
ASSTD FRUIT+FLOWERS FRIDGE MAGNETS,479.91,1581,38
ASSTD HEARTS DESIGN MUGS,528.3,314,4
ASSTD MULTICOLOUR CIRCLES MUG,339.59,793,23
ASSTD RASTA KEY-CHAINS,3.7800000000000002,9,3
Adjustment by Peter on 24/05/2010 1,-731.05,-3,3
Adjustment by Peter on Jun 25 2010 ,731.0500000000001,3,3
Adjustment by john on 26/01/2010 16,861.68,5,9
Adjustment by john on 26/01/2010 17,945.12,5,10
BABUSHKA LIGHTS STRING OF 10,6543.74,1044,119
BABY BOOM RIBBONS ,1783.89,1449,117
BABY MOUSE RED GINGHAM DRESS,892.75,217,37
BAG 125g SWIRLY MARBLES,4089.79,10994,138
BAG 250g SWIRLY MARBLES,6794.16,8847,158
BAG 500g SWIRLY MARBLES,2042.2399999999998,1760,82
BAG FOR CHILDREN VINTAGE BLUE ,408.0,96,1
BAG FOR CHILDREN VINTAGE PINK ,408.0,96,1
BAG OF SILVER STONES,45.78,109,9
BAKING MOULD CHOCOLATE CUP CAKES,30.599999999999998,12,2
BAKING MOULD CHOCOLATE CUPCAKES,1716.29,663,77
BAKING MOULD CUPCAKE CHOCOLATE,30.599999999999998,12,1
BAKING MOULD EASTER EGG MILK CHOC,1517.0000000000002,572,57
BAKING MOULD EASTER EGG WHITE CHOC,1081.8,396,44
BAKING MOULD HEART MILK CHOCOLATE,1756.82,718,80
BAKING MOULD HEART WHITE CHOCOLATE,1381.3600000000001,599,60
BAKING MOULD ROSE MILK CHOCOLATE,1396.0,476,36
BAKING MOULD ROSE WHITE CHOCOLATE,451.88,150,21
BAKING MOULD TOFFEE CUP  CHOCOLATE,15.299999999999999,6,1
BAKING MOULD TOFFEE CUP CHOCOLATE,1234.0500000000002,557,36
BAKING SET 9 PIECE RETROSPOT ,24741.21,5231,449
BAKING SET SPACEBOY DESIGN,11755.210000000001,2511,253
BALLERINA HEART DECORATION.,435.95,327,9
BALLOON ART MAKE YOUR OWN FLOWERS,1176.06,982,71
BALLOON PUMP WITH 10 BALLOONS,2921.48,1566,120
BALLOON WATER BOMB PACK OF 35,2671.38,6979,109
BALLOONS  WRITING SET ,1364.8,828,118
BANK ACCOUNT  GREETING  CARD ,310.8,764,38
BANQUET BIRTHDAY  CARD  ,1103.28,2680,77
BAROQUE BUTTERFLY EARRINGS CRYSTAL,3.75,1,1
BAROQUE BUTTERFLY EARRINGS MONTANA,7.5,2,2
BAROQUE BUTTERFLY EARRINGS RED,3.75,1,1
BASKET OF FLOWERS SEWING KIT,1027.31,1277,44
BASKET OF TOADSTOOLS,1533.75,1227,66
BASKET/8 SCENTED LOVE TOKEN CANDLES,183.75,49,18
BATH BUILDING BLOCK WORD,6109.7300000000005,1030,167
BATH DUCK WATERING CAN,1505.47,649,47
BATHROOM HOOK,92.52,108,16
BATHROOM METAL SIGN,4871.92,9240,223
BATHROOM METAL SIGN ,1689.6499999999999,1253,74
BATHROOM SCALES FOOTPRINTS IN SAND,241.75,73,20
BATHROOM SCALES RUBBER DUCKS,231.55,69,14
"BATHROOM SCALES, FAG BREAK",7.5,2,2
"BATHROOM SCALES, TROPICAL BEACH",105.0,28,14
BATHROOM SET LOVE HEART DESIGN,1322.3,554,19
BEACH HUT DESIGN BLACKBOARD,636.1999999999999,280,24
BEACH HUT KEY CABINET,433.75,211,23
BEACH HUT MIRROR,484.24,264,22
BEACH HUT PHOTO FRAME,343.4,352,9
BEACH HUT SHELF W 3 DRAWERS,650.65,227,24
BEADED CHANDELIER T-LIGHT HOLDER,609.79,229,18
BEADED CRYSTAL HEART BLUE  LARGE,374.7,360,27
BEADED CRYSTAL HEART BLUE ON STICK,135.27,201,9
BEADED CRYSTAL HEART BLUE SMALL,246.35,196,19
BEADED CRYSTAL HEART GREEN LARGE,575.52,628,31
BEADED CRYSTAL HEART GREEN ON STICK,168.19,263,5
BEADED CRYSTAL HEART GREEN SMALL,125.58,104,13
BEADED CRYSTAL HEART PINK LARGE,489.63,453,33
BEADED CRYSTAL HEART PINK ON STICK,208.42000000000002,356,11
BEADED CRYSTAL HEART PINK SMALL,370.35,271,22
BEADED CRYSTAL HEART PINK\ON STICK,5.0,4,2
BEADED LOVE HEART JEWELLERY SET,896.1399999999999,1102,34
BEADED PEARL HEART WHITE LARGE,580.05,353,28
BEADED PEARL HEART WHITE ON STICK,609.12,846,31
BEAUTY SPEED EXPRESSO CUPS,53.25,15,5
BEECH WOOD P/FRAME,7.25,1,1
BEECH WOOD PHOTO FRAME ,277.5,222,4
BEIGE PHOTO ALBUM,166.8,80,7
BELL HEART ANTIQUE GOLD,24.96,12,1
BELL HEART DECORATION,288.0,192,5
BELLE JARDINIERE CUSHION COVER,1610.73,431,75
BENDY COLOUR PENCILS,1.68,4,1
BERRIES CHUNKY KNITTED THROW ,33.9,2,2
BEST DAD CANDLE LETTERS,124.46,182,13
BEWARE OF THE CAT DOORMAT,0.0,0,1
BEWARE OF THE CAT METAL SIGN ,11461.08,7500,172
BICYCLE PUNCTURE REPAIR KIT ,3149.52,1640,74
BICYCLE SAFTEY WALL ART,2181.54,426,30
BIG DOUGHNUT FRIDGE MAGNETS,3382.3799999999997,4038,108
BIG PINK POODLE,63.8,4,1
BIG POLKADOT MUG,14.04,12,2
BILI NUT AND WOOD NECKLACE,18.0,18,3
BINGO SET,7459.62,2034,195
BIRD BOX CHRISTMAS TREE DECORATION,117.3,138,18
BIRD DECORATION GREEN  SPOT,249.04999999999998,293,20
BIRD DECORATION GREEN POLKADOT,218.45,257,19
BIRD DECORATION RED RETROSPOT,642.5799999999999,778,34
BIRD DECORATION RED SPOT,569.64,672,34
BIRD HOUSE HOT WATER BOTTLE,2962.7599999999998,1359,121
BIRD IN TREE MUG ,38.75,31,4
BIRD ON BRANCH CANVAS SCREEN,21.45,11,1
BIRDCAGE DECORATION MAGIC GARDEN,53.55,21,3
BIRDCAGE DECORATION TEALIGHT HOLDER,706.5,588,49
BIRDHOUSE DECORATION MAGIC GARDEN,973.98,826,73
BIRDHOUSE GARDEN MARKER ,2200.6,1628,77
BIRDS MOBILE VINTAGE DESIGN,1843.5600000000002,316,56
BIRTHDAY BANNER TAPE,30.0,24,2
BIRTHDAY BANQUET GIFT WRAP,777.8,1890,56
"BIRTHDAY CARD, RETRO SPOT",825.84,2028,83
BIRTHDAY PARTY CORDON BARRIER TAPE,481.27000000000004,404,32
BISCUIT TIN 50'S CHRISTMAS,3809.52,1348,143
BISCUIT TIN VINTAGE CHRISTMAS,3255.32,1394,122
BISCUIT TIN VINTAGE GREEN,2673.48,434,83
BISCUIT TIN VINTAGE LEAF,64.56,24,3
BISCUIT TIN VINTAGE RED,3327.1000000000004,530,101
"BISCUIT TIN, MINT,IVORY, VINTAGE",6.75,1,1
"BISCUIT TIN, RED,IVORY, VINTAGE",132.15,21,4
BISCUITS SMALL BOWL LIGHT BLUE,487.78,944,41
BLACK 3 BEAD DROP EARRINGS,0.0,0,1
BLACK 3 TIER GLASS PLATE STAND,51.0,4,3
BLACK AND WHITE CAT BOWL,2878.7499999999995,1452,41
BLACK AND WHITE DOG BOWL,2731.62,1206,41
BLACK AND WHITE PAISLEY FLOWER MUG,423.17,457,6
BLACK ASSORTED DROPLET DECORATION,18.240000000000002,48,1
BLACK BAROQUE CARRIAGE CLOCK,229.26999999999998,25,8
BLACK BAROQUE CUCKOO CLOCK,956.25,99,17
BLACK BAROQUE WALL CLOCK ,486.6,56,15
BLACK BIRD GARDEN DESIGN MUG,75.59,99,13
BLACK BOX MIRROR LANTERN,227.10000000000002,48,3
BLACK CANDELABRA T-LIGHT HOLDER,839.71,919,20
BLACK CHAMPAGNE GLASS,699.54,1386,22
BLACK CHERRY LIGHTS,-109.85,-11,42
BLACK CHRISTMAS FLOCK DROPLET ,43.91,67,5
BLACK CHRISTMAS TREE 120CM,504.81,129,16
BLACK CHRISTMAS TREE 60CM,662.8000000000001,818,24
BLACK CHUNKY BEAD BRACELET W STRAP,178.99999999999997,20,9
BLACK CRYSTAL DROP EARRINGS,17.700000000000003,6,1
BLACK DIAMANTE EXPANDABLE RING,55.25,13,9
BLACK DIAMOND CLUSTER EARRINGS,2.55,1,1
BLACK DIAMOND CLUSTER NECKLACE,8.95,1,1
BLACK DINER WALL CLOCK,1853.8500000000001,223,59
BLACK DROP CRYSTAL NECKLACE,35.400000000000006,12,2
BLACK DROP EARRINGS W LONG BEADS,2.95,1,1
BLACK EAR MUFF HEADPHONES,685.97,135,18
BLACK ENAMEL FLOWER RING,135.70000000000002,46,7
BLACK ENCHANTED FOREST PLACEMAT,1078.05,697,18
BLACK FACE LAMB WITH PANTS,174.09,47,16
BLACK FEATHER CHRISTMAS DECORATION,38.38,202,8
BLACK FINE BEAD NECKLACE W TASSEL,11.9,2,2
BLACK FLOCK GOLD CANDLE,10.08,24,1
BLACK FLOWER CANDLE PLATE,160.16,224,9
BLACK GEMSTONE BRACELET,164.04999999999998,19,9
BLACK GEMSTONE NECKLACE 45CM,102.0,8,5
BLACK GLASS BRACELET W HEART CHARMS,29.700000000000003,6,2
BLACK GLASS TV DOUBLE P/FRAME 15X10,21.25,5,3
BLACK GRAND BAROQUE PHOTO FRAME,816.25,497,17
BLACK HEART CARD HOLDER,24690.21,9583,154
BLACK KITCHEN SCALES,4283.63,520,107
BLACK LOVE BIRD CANDLE,221.49,225,21
BLACK LOVE BIRD T-LIGHT HOLDER,391.61,286,9
BLACK MEDIUM GLASS CAKE STAND,82.7,26,11
BLACK METAL BAROQUE PHOTO FRAME,543.75,353,16
BLACK MINI TAPE MEASURE ,553.25,773,16
BLACK ORANGE SQUEEZER,53.760000000000005,128,11
BLACK PHOTO ALBUM ,110.55,66,9
BLACK PILLAR CANDLE SILVER FLOCK,747.75,561,5
BLACK PIRATE TREASURE CHEST,816.5099999999999,613,61
BLACK RECORD COVER FRAME,55143.92,16129,109
BLACK RETRO BAR STOOL,39.95,1,3
BLACK RETRODISC LAMPSHADE,1905.15,977,5
"BLACK RND BULLET""KEEP CLEAN"" BIN",2.55,1,1
BLACK SIL'T SQU CANDLE PLATE ,23.1,11,4
BLACK SILOUETTE CANDLE PLATE,268.58,338,19
BLACK SILOUETTE CANDLE PLATE ,151.8,84,6
BLACK SILVER FLOWER T-LIGHT HOLDER,132.0,528,6
BLACK SMALL GLASS CAKE STAND,398.72999999999996,247,17
BLACK SQUARE TABLE CLOCK,246.79,157,13
BLACK STITCHED WALL CLOCK,651.6,624,13
BLACK SWEETHEART BRACELET,484.5,114,15
BLACK TEA TOWEL CLASSIC DESIGN,636.65,639,67
"BLACK TEA,COFFEE,SUGAR JARS",461.05,275,24
BLACK VINT ART DEC CRYSTAL BRACELET,27.0,4,2
BLACK VINT ART DEC CRYSTAL NECKLACE,42.5,5,3
BLACK VINTAGE  CRYSTAL EARRINGS,7.5,2,1
BLACK VINTAGE EARRINGS,15.0,4,1
BLACK WINE GLASS,1999.71,3207,21
BLACK+WHITE NECKLACE W TASSEL,186.85,23,8
BLACK/BLUE DOTS RUFFLED UMBRELLA,9633.0,2508,99
BLACK/BLUE POLKADOT UMBRELLA,6629.34,1185,139
BLACK/WHITE GLASS/SILVER BRACELET,232.7,26,7
BLACKCHRISTMAS TREE 30CM,18.75,15,3
BLCK NEW BAROQUE CANDLESTICK CANDLE,176.0,128,10
BLING KEY RING STAND,16.25,13,7
BLOKEY SILVER TOOL SET,94.05000000000001,19,4
BLOND DOLL DOORSTOP,406.08,260,15
BLOSSOM  IMAGES NOTEBOOK SET,643.75,479,16
BLOSSOM IMAGES GIFT WRAP SET,484.40000000000003,482,41
BLOSSOM IMAGES SCRAP BOOK SET,314.55,225,11
BLUE  DIAMANTE PEN IN GIFT BOX,408.3,226,18
BLUE  SPOTTY  COFFEE MUG,321.3,169,13
BLUE  SPOTTY CUP,1976.71,2443,104
BLUE  SPOTTY EGG CUP ,795.28,680,31
BLUE  SPOTTY PLATE ,2715.27,1743,68
BLUE  SPOTTY PUDDING BOWL,490.38000000000005,2575,8
BLUE  TILE HOOK,322.79999999999995,128,19
BLUE  VOILE LAMPSHADE,88.5,30,6
BLUE & WHITE BREAKFAST TRAY,266.55,69,17
BLUE 3 PIECE MINI DOTS CUTLERY SET,10399.17,2891,159
BLUE 3 PIECE POLKADOT CUTLERY SET,6667.06,1866,97
BLUE 5 PATCH FLOWER CUSHION COVER,748.8,384,1
BLUE BABY BOY'S MEMORY BOX,20.85,3,2
BLUE BEADS+HAND PHONE CHARM,1.25,1,1
BLUE BIRDHOUSE DECORATION,394.82,656,41
BLUE BLOSSOM HAIR CLIP,58.80000000000001,56,8
BLUE BREAKFAST CUP AND SAUCER ,47.199999999999996,16,8
BLUE BUNNY EASTER EGG BASKET,210.45,145,2
BLUE BUTTERFLY ON SPRING,41.65,49,2
BLUE CALCULATOR RULER,614.26,516,44
BLUE CAT BISCUIT BARREL PINK HEART,193.0,64,13
BLUE CHALET BIRDFEEDER,696.25,255,11
BLUE CHARLIE+LOLA PERSONAL DOORSIGN,513.5500000000001,1197,61
BLUE CHECK BAG W HANDLE 34X20CM,65.21,43,4
BLUE CHENILLE SHAGGY CUSHION COVER ,53.8,40,8
BLUE CHERRY BLOSSOM CUP & SAUCER,15.0,12,2
BLUE CIRCLES DESIGN MONKEY DOLL,481.95,349,17
BLUE CIRCLES DESIGN TEDDY,155.54999999999998,61,14
BLUE CLIMBING HYDRANGA ART FLOWER,547.6500000000001,339,7
BLUE COAT RACK PARIS FASHION,1627.74,362,72
BLUE COL METAL FOLDING CHAIR,20.0,4,1
BLUE CRUSOE CHECK LAMPSHADE,5.46,13,3
BLUE CRYSTAL BOOT PHONE CHARM,16.15,19,3
BLUE CUSHION COVER WITH FLOWER,572.4000000000001,72,8
BLUE DAISY MOBILE,141.7,142,6
BLUE DELPHINIUM ARTIFICIAL FLOWER,230.12000000000003,188,9
BLUE DINER WALL CLOCK,8595.43,1037,165
BLUE DISCO HANDBAG,305.58,236,7
BLUE DRAGONFLY HELICOPTER,381.6,48,29
BLUE DRAWER KNOB ACRYLIC EDWARDIAN,1652.93,1357,52
BLUE DROP EARRINGS W BEAD CLUSTER,6.7,2,1
BLUE EASTER EGG HUNT START POST,91.64999999999999,47,11
BLUE EGG  SPOON,290.46,1398,46
BLUE FAIRY CAKE CHILD'S APRON,1453.35,817,66
BLUE FAIRY CAKE CHILDRENS APRON,5.85,3,3
BLUE FELT EASTER EGG BASKET,1155.4499999999998,709,90
BLUE FELT HANGING HEART W FLOWER,15.299999999999999,18,2
BLUE FLOCK CUSHION COVER ,20.0,8,3
BLUE FLOCK GLASS CANDLEHOLDER,375.46000000000004,968,7
BLUE FLORIBUNDA EGG WARMER,1.25,1,2
BLUE FLOWER DES PURSE,27.009999999999998,29,4
BLUE FLOWER T-LIGHT HOLDER,132.22,206,2
BLUE FLY SWAT,278.01,387,44
BLUE FLYING SINGING CANARY,613.7,166,34
BLUE GEISHA GIRL ,78.75,21,9
BLUE GIANT GARDEN THERMOMETER,1690.6200000000001,288,67
BLUE GINGHAM ROSE CUSHION COVER,416.5,70,23
BLUE GINGHAM ROSE FLOOR CUSHION ,174.9,22,5
BLUE GINGHAM ROSE QUILT ,701.75,29,10
BLUE GLASS CHUNKY CHARM BRACELET,107.39999999999999,12,6
BLUE GLASS GEMS IN BAG,355.3,532,9
BLUE GREEN CHRISTMAS HANGING BALL ,-0.19,-1,1
BLUE GREEN EMBROIDERY COSMETIC BAG,32.34,10,6
BLUE HANGING GINGHAM EASTER HEN,14.28,34,5
BLUE HAPPY BIRTHDAY BUNTING,14165.920000000002,2798,182
BLUE HARMONICA IN BOX ,10579.32,8523,236
BLUE HEART COMPACT MIRROR,267.5,198,10
BLUE HIBISCUS  HAIR CLIP,1.05,1,1
BLUE HOLE PUNCH,13.75,11,5
BLUE JUICY FRUIT PHOTO FRAME,611.1,246,22
BLUE KASHMIRI BOXED MIRROR,368.0,30,2
BLUE KASHMIRI COFFEE TABLE ,1359.95,27,3
BLUE KASHMIRI OCCASIONAL TABLE,949.6,19,7
BLUE KNITTED EGG COSY,90.48,128,18
BLUE KNITTED HEN ,501.06,370,14
BLUE KNITTED KID'S RUCKSACK,6.75,1,1
BLUE LEAVES AND BEADS PHONE CHARM,5.0,4,3
BLUE METAL WALL SHELF,49.75,5,4
BLUE MONTE CARLO HANDBAG,42.9,22,2
BLUE MURANO TWIST BRACELET,227.75,54,10
BLUE MURANO TWIST NECKLACE,69.64999999999999,7,4
BLUE NETTING STORAGE HANGER,21.45,11,6
BLUE NEW BAROQUE CANDLESTICK CANDLE,558.05,533,14
BLUE NEW BAROQUE FLOCK CANDLESTICK,183.66,46,5
BLUE ORGANDY ROUND LAMPSHADE W BEA,10.2,12,4
BLUE OWL DECORATION,244.79999999999998,96,1
BLUE OWL SOFT TOY,1816.1000000000001,630,62
BLUE PADDED SOFT MOBILE,912.0,216,51
BLUE PAINTED KASHMIRI CHAIR,541.55,17,4
BLUE PAINTED KASHMIRI TABLE ,990.0,17,2
BLUE PAISLEY JOURNAL ,927.02,476,63
BLUE PAISLEY NOTEBOOK,260.7,158,43
BLUE PAISLEY POCKET BOOK,275.4,324,42
BLUE PAISLEY SKETCHBOOK,695.47,259,46
BLUE PAISLEY TISSUE BOX,343.32,544,46
BLUE PAPER PARASOL ,3520.25,1327,54
BLUE PARTY BAGS ,4402.28,2372,83
BLUE PATCH PENCIL CASE PINK HEART,126.00000000000001,60,20
BLUE PATCH PURSE PINK HEART,340.25,217,32
BLUE PILLAR CANDLE SILVER FLOCK,87.75,33,5
BLUE POLKADOT BEAKER ,821.3399999999999,2082,38
BLUE POLKADOT BOWL,2872.6600000000003,2494,101
BLUE POLKADOT COFFEE MUG,786.09,1678,42
BLUE POLKADOT CUP,2368.61,3031,108
BLUE POLKADOT EGG CUP ,385.84999999999997,835,32
BLUE POLKADOT GARDEN PARASOL,713.55,97,22
BLUE POLKADOT KIDS BAG,587.31,297,32
BLUE POLKADOT LUGGAGE TAG ,82.26,60,16
BLUE POLKADOT PASSPORT COVER,122.64,105,18
BLUE POLKADOT PLATE ,3014.71,1927,80
BLUE POLKADOT PUDDING BOWL,-279.90000000000003,-2465,7
BLUE POLKADOT PURSE ,1.769999999999997,-285,5
BLUE POLKADOT WASHING UP GLOVES,720.3000000000001,343,68
BLUE POLKADOT WRAP,2466.0,6200,119
BLUE PORCELAIN B'FLY OIL BURNER,5.9,2,2
BLUE POT PLANT CANDLE ,1082.0500000000002,401,44
BLUE PUDDING SPOON,184.5,875,36
BLUE PULL BACK RACING CAR,155.10000000000002,282,30
BLUE REFECTORY CLOCK ,1159.8999999999999,122,38
BLUE RETRO BAR STOOL,315.6,8,5
BLUE RETRO KITCHEN WALL CLOCK,228.20000000000002,28,13
BLUE RIVIERA HANDBAG,381.6,294,6
BLUE ROCKING SINGING CANARY,206.25,55,15
BLUE ROSE FABRIC MIRROR,530.09,591,40
BLUE ROSE PATCH PURSE PINK BUTTERFL,207.89999999999998,126,29
BLUE ROUND COMPACT MIRROR,21.25,9,3
BLUE SAVANNAH PICNIC HAMPER FOR 2,1483.15,209,23
BLUE SAVANNAH PICNIC HAMPER FOR 4,1196.4,232,13
BLUE SCANDINAVIAN PAISLEY WRAP,761.0,1850,51
BLUE SCOTTIE DOG W FLOWER PATTERN,259.8,104,24
BLUE SHARK HELICOPTER,151.05,19,17
BLUE SHELL+SILVER NECKLACE,45.0,6,4
BLUE SPOT CERAMIC DRAWER KNOB,7828.82,6430,154
BLUE SPOTS  WRAP,1851.5,4675,96
BLUE SPOTTY BEAKER ,109.19999999999999,56,9
BLUE SPOTTY BOWL,2432.09,2077,87
BLUE SPOTTY LUGGAGE TAG ,269.75,355,23
BLUE SPOTTY PASSPORT COVER,246.70000000000002,177,20
BLUE SPOTTY PURSE ,295.85,383,20
BLUE SQUARE COMPACT MIRROR,130.0,102,6
BLUE STAR BLOCK TABLE LAMP,295.0,100,2
BLUE STONES ON WIRE FOR CANDLE,31.639999999999997,376,13
BLUE STRIPE CERAMIC DRAWER KNOB,9698.81,7983,159
BLUE STRIPES SHOULDER BAG,5.9,2,1
BLUE SWEETHEART BRACELET,412.25,97,18
BLUE TABLE RUN FLOWER,32.5,20,6
BLUE TALL PORCELAIN T-LIGHT HOLDER,7.6499999999999995,3,1
BLUE TEA TOWEL CLASSIC DESIGN,1890.33,1629,85
BLUE TEATIME PRINT BOWL ,640.07,523,41
BLUE TILED TRAY,81.0,12,5
BLUE TINSEL GARLAND ,13.11,69,5
BLUE TRAVEL FIRST AID KIT,64.35,39,11
BLUE TV TRAY TABLE ,408.89,129,12
BLUE VICTORIAN FABRIC HEART BOX,43.68,104,8
BLUE VICTORIAN FABRIC OVAL BOX,376.01,1007,37
BLUE VINTAGE SPOT BEAKER,4162.79,4471,80
BLUE WHITE PLASTIC RINGS LAMPSHADE,5.1,6,3
BLUE WHITE SCARF HOT WATER BOTTLE,43.45,11,4
BLUE WHITE SPOTS GARDEN PARASOL,1017.65,207,25
BLUE WIRE SPIRAL CANDLE HOLDER,165.1,26,12
BLUE YELLOW FLOWER PIGGY BANK,751.05,417,20
BLUE/BROWN DOTS RUFFLED UMBRELLA,1015.0999999999999,242,32
BLUE/CREAM STRIPE CUSHION COVER ,888.65,717,47
BLUE/CREAM STRIPE FRINGE HAMMOCK,1322.3,174,41
BLUE/GREEN SHELL NECKLACE W PENDANT,17.85,3,2
BLUE/NAT SHELL NECKLACE W PENDANT,11.9,2,2
BLUE/PINK NEST STRIPE BOX,5.099999999999994,2,3
BLUE/WHITE RIBBED MELAMINE JUG,23.85,3,2
BLUE/YELLOW CERAMIC CANDLE HOLDER,13.2,8,3
BLUE/YELLOW FLOWER DESIGN BIG MUG,16.38,18,8
BOHEMIAN COLLAGE STATIONERY SET,867.1800000000001,574,55
BOMBS AWAY METAL SIGN,1747.2500000000002,874,65
BOOM BOX SPEAKER BOYS,2865.4,568,29
BOOM BOX SPEAKER GIRLS,660.0,434,17
BOOZE & WOMEN GREETING CARD ,236.58,577,36
BOTANICAL GARDENS WALL CLOCK ,4137.2,191,39
BOTANICAL LAVENDER BIRTHDAY CARD,242.85,567,37
BOTANICAL LAVENDER GIFT WRAP ,250.0,600,22
BOTANICAL LILY GIFT WRAP,206.0,500,14
BOTANICAL LILY GREETING CARD,211.68,506,34
BOTANICAL ROSE GIFT WRAP,776.8,1940,47
BOTANICAL ROSE GREETING CARD,387.6,940,41
BOTTLE BAG RETROSPOT ,4279.49,2452,112
BOUDOIR SQUARE TISSUE BOX,1181.03,2036,75
BOX OF 24 COCKTAIL PARASOLS,5444.93,13586,205
BOX OF 3 PEBBLE CANDLES,0.0,0,1
BOX OF 6 ASSORTED COLOUR TEASPOONS,1467.74,342,42
BOX OF 6 CHRISTMAS CAKE DECORATIONS,5205.66,1450,90
BOX OF 6 MINI 50'S CRACKERS,5836.870000000001,2532,178
BOX OF 6 MINI VINTAGE CRACKERS,5938.33,2634,152
BOX OF 6 PEBBLE CANDLES,6.9,2,2
BOX OF 9 PEBBLE CANDLES,1896.1499999999999,1015,72
BOX OF VINTAGE ALPHABET BLOCKS,20077.01,2114,164
BOX OF VINTAGE JIGSAW BLOCKS ,7770.120000000001,1537,167
BOX/12 CHICK & EGG IN BASKET,368.54999999999995,197,48
BOX/12 MOTHER & CHICK IN BASKET/BOW,177.45,79,14
BOYS ALPHABET IRON ON PATCHES,2272.53,12193,14
BOYS VINTAGE TIN SEASIDE BUCKET,5026.58,2208,122
BREAD BIN DINER STYLE IVORY,11231.789999999999,729,153
BREAD BIN DINER STYLE MINT,4149.11,273,65
BREAD BIN DINER STYLE PINK,4127.75,274,48
BREAD BIN DINER STYLE RED ,9082.71,599,119
"BREAD BIN, DINER STYLE, IVORY",469.44999999999993,31,6
"BREAD BIN, DINER STYLE, MINT",119.6,8,2
"BREAD BIN, DINER STYLE, PINK",127.6,8,3
"BREAD BIN, DINER STYLE, RED ",33.9,2,1
BRIGHT BLUES RIBBONS ,1927.64,1564,141
"BROCADE PURSE,SMALL ARCH BUTTON",367.52,1376,28
BROCADE RING PURSE ,11139.66,54145,100
BROCANTE COAT RACK,3080.1,404,29
BROCANTE SHELF WITH HOOKS,1226.2,116,45
BROWN  PIRATE TREASURE CHEST ,372.41999999999996,250,30
BROWN ANTIQUE CUBE CANDLE,13.86,33,6
BROWN CHECK CAT DOORSTOP ,3019.5,749,109
BROWN DOG CANNISTER W BONE,5.95,1,1
BROWN FLOWER LIGHTS,391.95000000000005,65,8
BROWN FURRY HOT WATER BOTTLE,533.8,156,17
BROWN KUKUI COCONUT SEED NECKLACE,44.0,44,6
BROWN VINTAGE VICTORIAN EARRINGS,17.700000000000003,6,1
BUBBLE GUM CHUNKY KNITTED THROW ,50.849999999999994,3,2
BUBBLE GUM SCARF KNITTING KIT,219.8,116,18
BUBBLEGUM RING ASSORTED,3399.27,8253,86
BUDDHA INCENSE HOLDER ASSORTED,389.25,513,14
BUFFALO BILL TREASURE BOOK BOX,3258.29,1627,55
BUFFALO BILL WALL ART ,732.72,216,10
BULL DOG BOTTLE OPENER,2321.2000000000003,472,71
BULL DOG BOTTLE TOP WALL CLOCK,960.0,120,37
BUNDLE OF 3 ALPHABET EXERCISE BOOKS,4134.57,2625,130
BUNDLE OF 3 RETRO EXERCISE BOOKS,79.19999999999999,48,4
BUNDLE OF 3 RETRO NOTE BOOKS,2769.6499999999996,1721,121
BUNDLE OF 3 SCHOOL EXERCISE BOOKS  ,2179.64,1368,104
BUNNY BUNCH OF FLOWERS,1.68,4,1
BUNNY DECORATION MAGIC GARDEN,436.96999999999997,541,46
BUNNY EGG BOX,813.95,655,49
BUNNY EGG GARLAND,231.84,552,39
BUNNY WOODEN PAINTED WITH BIRD ,627.9799999999999,840,80
BUNNY WOODEN PAINTED WITH FLOWER ,396.15999999999997,544,60
"BUNTING , SPOTTY ",605.0000000000001,140,6
BURG FLOCK GOLD CUP/CANDLE ,12.600000000000001,30,3
BUTTERFLIES  HONEYCOMB GARLAND,1262.3999999999999,800,58
BUTTERFLIES STICKERS,866.0099999999999,1017,71
BUTTERFLY CROCHET FOOD COVER,1585.42,472,52
BUTTERFLY CUSHION COVER,15.0,4,1
BUTTERFLY HAIR BAND,7.649999999999999,3,2
BUTTERFLY WATER TRANSFER TATTOOS ,151.25,225,7
BUTTON BOX ,3308.16,1762,91
BUTTONS AND STRIPES NOTEBOOK ,180.0,48,14
BUTTONS DESIGN JEWELLERY BOX,97.5,26,8
Bank Charges,330.0,22,12
CABIN BAG VINTAGE PAISLEY,1391.2,68,16
CABIN BAG VINTAGE RETROSPOT,3161.25,143,36
CACTI T-LIGHT CANDLES,4042.2799999999997,10226,93
CAKE PLATE LOVEBIRD PINK,1155.75,313,37
CAKE PLATE LOVEBIRD WHITE,2481.75,681,96
CAKE SHOP  STICKER SHEET,539.89,637,45
CAKE STAND 3 TIER MAGIC GARDEN,6759.599999999999,568,93
CAKE STAND LACE WHITE,2747.5,696,78
CAKE STAND LOVEBIRD 2 TIER PINK,4865.5,718,54
CAKE STAND LOVEBIRD 2 TIER WHITE,2862.45,335,82
CAKE STAND VICTORIAN FILIGREE LARGE,851.3000000000001,151,25
CAKE STAND VICTORIAN FILIGREE MED,668.6,128,22
CAKE STAND VICTORIAN FILIGREE SMALL,451.65000000000003,179,19
CAKE STAND WHITE TWO TIER LACE,4309.2,577,114
"CAKE TIN, 3 TIER MINT/IVORY",74.75,5,3
"CAKE TIN, 3 TIER RED/IVORY",164.45,11,5
"CAKE TIN, ROUND, VINTAGE MINT,IVORY",107.25000000000001,15,3
"CAKE TIN, ROUND, VINTAGE RED,CREAM",222.45000000000002,31,6
CAKES AND BOWS GIFT  TAPE,285.06,882,33
CAKES AND RABBITS DESIGN FLANNEL ,173.07999999999998,232,18
"CAKESTAND, 3 TIER, LOVEHEART",365.7,42,5
CALENDAR FAMILY FAVORITES,59.0,20,4
CALENDAR FAMILY FAVOURITES,838.38,314,23
CALENDAR IN SEASON DESIGN,1749.7900000000002,666,65
CALENDAR PAPER CUT DESIGN,6433.740000000001,2266,149
CAMOFLAGE CUSHION COVER,18.15,11,1
CAMOFLAGE DESIGN TEDDY,2761.5000000000005,1306,20
CAMOUFLAGE BACKPACK ON WHEELS,-8.5,-1,1
CAMOUFLAGE DESIGN TEDDY,4295.25,2031,15
CAMOUFLAGE EAR MUFF HEADPHONES,309.2,56,20
CAMOUFLAGE LED TORCH,5738.38,3494,104
CAMPHOR WOOD PORTOBELLO MUSHROOM,222.93,351,12
CANDLE HOLDER SILVER MADELINE,196.48999999999998,121,11
"CANDLE IN JAR COLLAGE , VANILLA",76.5,30,3
CANDLE PLATE LACE WHITE,783.7,350,27
CANDLEHOLDER PINK HANGING HEART,7308.150000000001,2577,178
CANDY BUTTON PHOTO ALBUM,554.6999999999999,266,13
CANDY HEART HANGING DECORATION,636.5500000000001,1101,24
CANDY PINK FRENCH BOUDOIR CLOCK,109.44999999999999,11,7
CANDY POP CHUNKY KNITTED THROW ,118.64999999999999,7,4
CANDY SHOP  STICKER SHEET,627.5799999999999,742,44
CANDY SPOT APRON,237.15000000000003,51,17
CANDY SPOT BREAD BASKETS,287.15000000000003,234,6
CANDY SPOT BUNNY,184.55,65,8
CANDY SPOT CUSHION COVER,157.71000000000004,53,10
CANDY SPOT EGG WARMER HARE,360.58,628,27
CANDY SPOT EGG WARMER RABBIT,122.2,420,18
CANDY SPOT HAND BAG,341.17,167,24
CANDY SPOT HEART DECORATION,159.79999999999998,188,22
CANDY SPOT TEA COSY,53.45,31,4
CANDY STRIPE ROSE C/COVER ,119.0,20,10
CANDY STRIPE ROSE QUILT,45.95,1,1
CANNABIS LEAF BEAD CURTAIN,30.599999999999998,36,2
CANNISTER VINTAGE LEAF DESIGN,23.4,12,2
CAPIZ CHANDELIER,89.85,3,3
CARAVAN SQUARE TISSUE BOX,875.83,1323,77
CARD BILLBOARD FONT,1480.59,3621,124
CARD BIRTHDAY COWBOY,1589.07,4068,117
CARD CAT AND TREE ,753.12,1824,72
CARD CHRISTMAS VILLAGE,1289.88,3102,133
CARD CIRCUS PARADE,1537.23,3760,151
CARD DOG AND BALL ,693.12,1712,75
CARD DOLLY GIRL ,2323.29,5927,129
CARD GINGHAM ROSE ,829.66,2066,64
CARD HOLDER GINGHAM HEART,3963.0899999999997,1557,159
CARD HOLDER LOVE BIRD LARGE ,840.1999999999999,142,41
CARD HOLDER LOVE BIRD SMALL,898.86,234,39
CARD I LOVE LONDON ,1767.3999999999999,4561,86
CARD MOTORBIKE SANTA,1323.42,3259,134
CARD PARTY GAMES ,671.88,1682,67
CARD PSYCHEDELIC APPLES,803.4,1954,69
CARD SUKI BIRTHDAY,850.1999999999999,2086,73
CARD WEDDING DAY,811.4399999999999,2004,74
"CARD, BILLBOARD FONT",346.02,865,36
"CARD, GINGHAM ROSE ",161.28,384,29
CARDHOLDER GINGHAM CHRISTMAS TREE,2126.44,766,79
CARDHOLDER GINGHAM HEART,201.60000000000002,96,1
CARDHOLDER GINGHAM STAR,1839.43,705,86
CARDHOLDER HOLLY WREATH METAL,4697.77,1265,107
CARNATION SQUARE HANDY TIN,35.0,28,9
CARNIVAL BRACELET,652.75,52,15
CAROUSEL CHILDRENS APRON,4.949999999999999,3,1
CAROUSEL CHILDRENS OVERALL,25.200000000000003,12,2
CAROUSEL DES CHILD'S APRON,103.94999999999999,63,17
CAROUSEL DES CHILD'S OVERALL,193.20000000000002,92,18
CAROUSEL DESIGN BABY BIB,73.75,59,9
CAROUSEL DESIGN WASHBAG,321.75,165,31
CAROUSEL PONIES BABY BIB,92.92,92,18
CARRIAGE,9685.0,191,9
CARROT CHARLIE+LOLA COASTER SET,1036.89,549,53
CARTOON  PENCIL SHARPENERS,271.4,3305,35
CAST IRON HOOK GARDEN FORK,2662.41,1119,64
CAST IRON HOOK GARDEN TROWEL,2210.36,964,65
CAT AND BIRD WALL ART,323.64,270,3
CAT BOWL ,1606.35,685,54
CAT BOWL VINTAGE CREAM,1088.2,336,59
"CAT BOWL, ENAMEL , CREAM COLOUR",39.0,12,2
"CAT FOOD CONTAINER , VINTAGE",50.8,8,2
CD WALL TIDY BLUE OFFICE,60.24000000000001,164,4
CD WALL TIDY RED FLOWERS,89.28,240,7
CERAMIC BIRDHOUSE BLACK ROSE  LARGE,567.7,121,12
CERAMIC BIRDHOUSE BUTTERFLY LARGE,624.2,140,8
CERAMIC BIRDHOUSE BUTTERFLY SMALL,1320.5500000000002,608,27
CERAMIC BIRDHOUSE CRESTED TIT LARGE,1170.05,239,24
CERAMIC BIRDHOUSE CRESTED TIT SMALL,1264.2,549,31
CERAMIC BIRDHOUSE FINCH BLUE  LARGE,346.0,67,18
CERAMIC BIRDHOUSE FINCH BLUE ROOF,1278.95,554,30
CERAMIC BIRDHOUSE RED ROOF LARGE,551.4,132,8
CERAMIC BIRDHOUSE RED ROOF SMALL,1037.0,476,23
CERAMIC BOWL WITH LOVE HEART DESIGN,842.7800000000001,550,39
CERAMIC BOWL WITH STRAWBERRY DESIGN,3729.9900000000002,1481,73
CERAMIC CAKE BOWL + HANGING CAKES,4279.150000000001,1573,67
CERAMIC CAKE DESIGN SPOTTED MUG,4006.3399999999997,2818,93
CERAMIC CAKE DESIGN SPOTTED PLATE,2191.2,1536,65
CERAMIC CAKE STAND + HANGING CAKES,11943.63,1358,86
CERAMIC CAKE TEAPOT WITH CHERRY,-8.5,-2,2
CERAMIC CHERRY CAKE MONEY BANK,3621.12,2900,153
CERAMIC HEART CAKE MONEY BANK,69.6,48,4
CERAMIC HEART FAIRY CAKE MONEY BANK,3738.45,2771,165
CERAMIC LOVE HEART MONEY BANK,590.38,712,34
CERAMIC LOVE HEARTS DESIGN MUG,438.06,294,32
CERAMIC PIRATE CHEST MONEY BANK,1613.1999999999998,1144,81
CERAMIC PLATE LOVE HEART DESIGN,543.85,545,16
CERAMIC PLATE STRAWBERRY DESIGN,2647.15,2295,58
CERAMIC STRAWBERRY CAKE MONEY BANK,7866.58,6049,201
CERAMIC STRAWBERRY DESIGN MUG,2154.42,1830,66
CERAMIC STRAWBERRY MONEY BOX,2517.75,1065,68
CERAMIC STRAWBERRY TRINKET TRAY,473.09999999999997,194,19
CERAMIC STRWBERRY DESIGN MUG,2061.41,1513,56
CERISE+GOLD CHRISTMAS STOCKING DEC,31.92,84,7
CERISE+GOLD CHRISTMAS TREE DEC,11.78,31,5
CHALKBOARD KITCHEN ORGANISER,2311.65,127,15
CHAMBRE HOOK,129.62999999999997,103,15
CHAMPAGNE TRAY BLANK CARD,0.95,5,1
CHARLIE & LOLA WASTEPAPER BIN BLUE,1581.0,1122,60
CHARLIE & LOLA WASTEPAPER BIN FLORA,1728.5,1224,73
CHARLIE + LOLA BISCUITS TINS,3071.85,959,66
CHARLIE + LOLA RED HOT WATER BOTTLE,4013.05,2091,151
CHARLIE AND LOLA CHARLOTTE BAG,2115.55,1731,71
CHARLIE AND LOLA FIGURES TINS,3651.13,1527,87
CHARLIE AND LOLA TABLE TINS,2006.7,746,50
CHARLIE LOLA BLUE HOT WATER BOTTLE ,1188.69,375,46
CHARLIE+LOLA MY ROOM DOOR SIGN,356.64,624,49
CHARLIE+LOLA PINK HOT WATER BOTTLE,3317.82,1688,121
CHARLIE+LOLA RED HOT WATER BOTTLE ,1429.52,464,51
"CHARLIE+LOLA""EXTREMELY BUSY"" SIGN",418.21,774,52
"CHARLOTTE BAG , PINK/WHITE SPOTS",2435.48,3067,109
"CHARLOTTE BAG , SUKI DESIGN",2320.6,2916,101
CHARLOTTE BAG ALPHABET  DESIGN,286.5,360,18
CHARLOTTE BAG APPLES DESIGN,4878.66,6114,146
CHARLOTTE BAG DOLLY GIRL DESIGN,5071.95,6435,143
CHARLOTTE BAG PINK POLKADOT,5674.68,7069,169
CHARLOTTE BAG PINK WITH WHITE SPOTS,2621.31,3313,118
CHARLOTTE BAG SUKI DESIGN,9961.9,12558,194
CHARLOTTE BAG VINTAGE ALPHABET ,3150.42,3978,131
CHERRY BLOSSOM  DECORATIVE FLASK,1771.5,482,89
CHERRY BLOSSOM BATHROOM CABINET,252.45,51,8
CHERRY BLOSSOM CANVAS ART PICTURE,105.89999999999999,42,7
CHERRY BLOSSOM DECORATIVE FLASK,1845.15,517,67
CHERRY BLOSSOM LUGGAGE TAG,58.89,47,12
CHERRY BLOSSOM PASSPORT COVER,117.23,96,14
CHERRY BLOSSOM PHOTO FRAME ,13.950000000000001,3,1
CHERRY BLOSSOM PURSE,32.45,11,2
CHERRY BLOSSOM TABLE CLOCK ,302.25,155,6
CHERRY CROCHET FOOD COVER,2264.02,780,83
CHERRY DESIGN PAPERLANTERNS,1813.24,968,45
CHERUB HEART DECORATION GOLD,460.25999999999993,526,25
CHERUB HEART DECORATION SILVER ,882.0999999999999,1046,27
CHEST 7 DRAWER MA CAMPAGNE,533.9,22,16
CHEST NATURAL WOOD 20 DRAWERS,1585.0,14,7
CHEST OF DRAWERS GINGHAM HEART ,2129.94,128,47
CHICK GREY HOT WATER BOTTLE,10162.77,2963,203
CHILDREN'S APRON DOLLY GIRL ,3777.53,1907,132
CHILDREN'S CIRCUS PARADE MUG,1683.9799999999998,1046,61
CHILDREN'S SPACEBOY MUG,2231.0599999999995,1370,93
CHILDRENS APRON APPLE DESIGN,436.65,247,18
CHILDRENS APRON APPLES DESIGN,3477.65,1871,137
CHILDRENS APRON DOLLY GIRL ,111.30000000000001,53,9
CHILDRENS APRON SPACEBOY DESIGN,6689.94,3646,221
CHILDRENS CIRCUS PARADE MUG,39.599999999999994,24,2
CHILDRENS CUTLERY CIRCUS PARADE,3159.3900000000003,795,74
CHILDRENS CUTLERY DOLLY GIRL ,4886.3,1226,111
CHILDRENS CUTLERY POLKADOT BLUE,8312.0,2144,103
CHILDRENS CUTLERY POLKADOT GREEN ,5570.01,1433,75
CHILDRENS CUTLERY POLKADOT PINK,11833.15,3043,144
CHILDRENS CUTLERY RETROSPOT RED ,8100.88,2116,106
CHILDRENS CUTLERY SPACEBOY ,5822.83,1457,135
CHILDRENS DOLLY GIRL MUG,2010.8399999999997,1252,84
CHILDRENS GARDEN GLOVES BLUE,1280.41,1045,99
CHILDRENS GARDEN GLOVES PINK,1257.1,1030,101
CHILDRENS SPACEBOY MUG,118.79999999999998,72,5
CHILDRENS TOY COOKING UTENSIL SET,946.86,470,62
CHILDS APRON SPACEBOY DESIGN,2936.85,1597,136
CHILDS BREAKFAST SET CIRCUS PARADE,8656.78,1077,166
CHILDS BREAKFAST SET DOLLY GIRL ,8964.9,981,155
CHILDS BREAKFAST SET SPACEBOY ,9411.05,1034,154
CHILDS GARDEN BRUSH BLUE,1877.5800000000002,996,71
CHILDS GARDEN BRUSH PINK,1894.0800000000002,1001,78
CHILDS GARDEN FORK BLUE ,1121.53,1369,119
CHILDS GARDEN FORK PINK,1108.52,1328,127
CHILDS GARDEN RAKE BLUE,1112.5800000000002,606,56
CHILDS GARDEN RAKE PINK,1103.2800000000002,603,58
CHILDS GARDEN SPADE BLUE,1300.98,695,74
CHILDS GARDEN SPADE PINK,1264.38,679,72
CHILDS GARDEN TROWEL BLUE ,1099.74,1314,127
CHILDS GARDEN TROWEL PINK,1098.32,1316,133
CHILLI LIGHTS,58276.0,12513,170
CHINESE DRAGON PAPER LANTERNS,2920.1,9470,58
CHOC TRUFFLE GOLD TRINKET POT ,1678.7299999999998,1105,59
CHOCOLATE 1 WICK MORRIS BOX CANDLE,1119.81,463,32
CHOCOLATE 3 WICK MORRIS BOX CANDLE,1340.92,676,35
CHOCOLATE BOX RIBBONS ,3233.0,2691,154
CHOCOLATE CALCULATOR,2082.2299999999996,1255,92
CHOCOLATE HOT WATER BOTTLE,34698.810000000005,7593,302
CHOCOLATE ICE CREAM CANDLE,3.9,2,1
CHOCOLATE THIS WAY METAL SIGN,14062.640000000001,7450,189
CHRISTMAS CARD SCREEN PRINT ,297.96000000000004,1176,45
CHRISTMAS CARD SINGING ANGEL,361.2,1044,55
CHRISTMAS CARD STACK OF PRESENTS,348.36,1296,50
CHRISTMAS CRAFT HEART DECORATIONS,668.1,341,28
CHRISTMAS CRAFT HEART STOCKING ,1765.9,879,78
CHRISTMAS CRAFT LITTLE FRIENDS,6287.900000000001,3061,224
CHRISTMAS CRAFT TREE TOP ANGEL,4665.88,2286,188
CHRISTMAS CRAFT WHITE FAIRY ,4011.94,2866,198
CHRISTMAS DECOUPAGE CANDLE,835.49,1653,36
"CHRISTMAS GARLAND STARS,TREES",960.0,352,30
CHRISTMAS GINGHAM HEART,3124.4199999999996,3874,130
CHRISTMAS GINGHAM STAR,2708.48,3236,129
CHRISTMAS GINGHAM TREE,2299.4199999999996,2752,115
CHRISTMAS HANGING HEART WITH BELL,942.64,776,44
CHRISTMAS HANGING SNOWFLAKE,252.1,298,23
CHRISTMAS HANGING STAR WITH BELL,2126.22,3566,86
CHRISTMAS HANGING TREE WITH BELL,1165.55,1466,59
CHRISTMAS LIGHTS 10 REINDEER,14293.7,1840,196
CHRISTMAS LIGHTS 10 SANTAS ,5643.6,759,114
CHRISTMAS LIGHTS 10 VINTAGE BAUBLES,7870.4800000000005,1706,140
CHRISTMAS METAL POSTCARD WITH BELLS,1562.47,2331,40
CHRISTMAS METAL TAGS ASSORTED ,3837.37,4729,122
CHRISTMAS MUSICAL ZINC HEART ,616.2099999999999,769,41
CHRISTMAS MUSICAL ZINC STAR,681.4,1460,64
CHRISTMAS MUSICAL ZINC TREE,447.04999999999995,899,48
CHRISTMAS PUDDING TRINKET POT ,3779.98,6238,134
CHRISTMAS RETROSPOT ANGEL WOOD,2249.04,2712,147
CHRISTMAS RETROSPOT HEART WOOD,2035.8999999999999,2542,98
CHRISTMAS RETROSPOT STAR WOOD,2375.6,2882,152
CHRISTMAS RETROSPOT TREE WOOD,2210.2999999999997,2738,129
CHRISTMAS STAR WISH LIST CHALKBOARD,3499.66,3697,143
CHRISTMAS TABLE SILVER CANDLE SPIKE,792.26,990,38
CHRISTMAS TOILET ROLL,4955.05,4196,138
CHRISTMAS TREE DECORATION WITH BELL,512.8199999999999,1221,42
CHRISTMAS TREE HANGING GOLD,505.54999999999995,553,29
CHRISTMAS TREE HANGING SILVER ,415.29999999999995,438,25
CHRISTMAS TREE HEART DECORATION,618.66,1473,50
CHRISTMAS TREE PAINTED ZINC ,760.2700000000001,2143,50
CHRISTMAS TREE STAR DECORATION,641.76,1528,47
CHRISTMAS TREE T-LIGHT HOLDER,342.2,236,17
CHRYSANTHEMUM  JOURNAL,601.51,344,48
CHRYSANTHEMUM NOTEBOOK,341.54999999999995,207,37
CHRYSANTHEMUM POCKET BOOK ,92.64999999999999,109,21
CHRYSANTHEMUM SKETCHBOOK ,712.29,279,43
CHUNKY SILVER NECKLACE PASTEL FLOWE,467.65,47,14
CINAMMON & ORANGE WREATH,1761.1,538,67
CINAMMON SET OF 9 T-LIGHTS,1097.9099999999999,1299,102
CINDERELLA CHANDELIER ,1803.85,143,11
CINNAMON SCENTED VOTIVE CANDLE,364.71,1443,26
CIRCLE OF FRIENDS CANDLE HOLDER,186.14999999999998,161,13
CIRCUS PARADE BABY GIFT SET,3470.7999999999997,224,50
CIRCUS PARADE CHILDRENS EGG CUP ,1118.59,891,58
CIRCUS PARADE LUNCH BOX ,8664.08,4770,166
CITRONELLA CANDLE FLOWERPOT,2725.0,1597,108
CITRONELLA CANDLE GARDEN POT,2291.72,2176,112
CITRUS GARLAND FELT FLOWERS ,196.95,101,21
CLAM SHELL LARGE,56.25,15,5
CLAM SHELL SMALL ,342.79,191,18
CLASSIC BICYCLE CLIPS ,2127.6499999999996,1537,62
CLASSIC CAFE SUGAR DISPENSER,2586.49,2271,93
CLASSIC CHROME BICYCLE BELL ,2967.35,2131,107
CLASSIC CROME BICYCLE BELL ,77.4,60,2
CLASSIC DIAMANTE EARRINGS JET,2.9499999999999993,1,2
CLASSIC DIAMANTE NECKLACE JET,15.0,2,2
CLASSIC FRENCH STYLE BASKET BROWN,847.39,189,41
CLASSIC FRENCH STYLE BASKET GREEN ,1555.25,319,62
CLASSIC FRENCH STYLE BASKET NATURAL,2035.3700000000001,443,67
CLASSIC GLASS COOKIE JAR,3329.8,836,105
CLASSIC GLASS SWEET JAR,353.85,87,10
CLASSIC METAL BIRDCAGE PLANT HOLDER,12473.71,1218,128
CLASSIC SUGAR DISPENSER,202.32,180,9
CLASSIC WHITE FRAME,1887.6000000000001,648,78
CLASSICAL ROSE CANDLESTAND,370.3,446,9
CLASSICAL ROSE DISH,303.65000000000003,179,14
CLASSICAL ROSE SMALL VASE,644.0,380,27
CLASSICAL ROSE TABLE LAMP,57.45,11,3
CLASSICAL ROSE URN,261.0,80,6
CLEAR ACRYLIC FACETED BANGLE,73.35000000000001,45,7
CLEAR COLOUR GLASS GEMS IN BAG,331.78999999999996,503,8
CLEAR CRYSTAL STAR PHONE CHARM,78.05999999999999,90,9
CLEAR DRAWER KNOB ACRYLIC EDWARDIAN,5389.84,4496,108
CLEAR LOVE BIRD T-LIGHT HOLDER,166.61,62,7
CLEAR MILKSHAKE GLASS,513.15,266,21
CLEAR STATIONERY BOX SET ,33.15,39,11
CLOCK MAGNET MUM'S KITCHEN,574.89,213,21
CLOTHES PEGS RETROSPOT PACK 24 ,13726.849999999999,10045,269
COCKLE SHELL DISH,445.06000000000006,290,22
COCKTAIL SWORDS 50 PIECES,598.18,770,52
COFFEE MUG APPLES DESIGN,8588.5,3831,147
COFFEE MUG BLUE PAISLEY DESIGN,3255.11,1825,51
COFFEE MUG CAT + BIRD DESIGN,7124.94,3228,129
COFFEE MUG DOG + BALL DESIGN,5831.49,2653,120
COFFEE MUG PEARS  DESIGN,7354.36,3709,110
COFFEE MUG PINK PAISLEY DESIGN,3462.1,1772,43
COFFEE SCENT PILLAR CANDLE,236.54999999999998,249,33
COGNAC AUX OEUFS METAL 1 HOOK,22.5,18,7
COLOUR GLASS T-LIGHT HOLDER HANGING,17907.210000000003,30103,252
COLOUR GLASS. STAR T-LIGHT HOLDER,22506.87,7823,141
COLOURED GLASS STAR T-LIGHT HOLDER,2852.32,816,25
COLOURFUL FISHING GNOME,398.65000000000003,67,15
COLOURFUL FLOWER FRUIT BOWL,20.6,8,5
COLOURFUL STANDING GNOME,560.7,166,20
COLOURING PENCILS BROWN TUBE,2966.39,3730,139
COLUMBIAN  CUBE CANDLE ,72.23,215,9
COLUMBIAN CANDLE RECTANGLE,467.88,630,31
COLUMBIAN CANDLE ROUND,511.41,1133,33
COLUMBIAN CANDLE ROUND ,281.94,248,26
COLUMBIAN CUBE CANDLE,403.62,490,11
CONCH SHELL,79.05000000000001,23,4
CONDIMENT TRAY 4 BOWLS AND 4 SPOONS,241.17999999999998,26,11
CONGRATULATIONS BUNTING,512.3000000000001,94,35
COOK WITH WINE METAL SIGN ,30939.3,16462,229
COOKING SET RETROSPOT,3721.2,396,100
COPPER AND BRASS BAG CHARM,54.510000000000005,10,5
COPPER/OLIVE GREEN FLOWER NECKLACE,83.30000000000001,14,7
CORDIAL GLASS JUG,107.25,13,10
CORDIAL JUG,33.0,4,1
CORONA MEXICAN TRAY,3997.25,1147,82
COSMETIC BAG VINTAGE ROSE PAISLEY,1390.52,694,71
COSY HOUR CIGAR BOX MATCHES ,2545.58,2062,122
COSY HOUR GIANT TUBE MATCHES,2778.45,1115,96
COSY SLIPPER SHOES LARGE GREEN,1293.9500000000003,445,53
COSY SLIPPER SHOES LARGE RED,318.6,108,25
COSY SLIPPER SHOES SMALL  RED ,733.0500000000001,255,49
COSY SLIPPER SHOES SMALL GREEN,686.9900000000001,236,42
COTE D'AZURE NECKLACE,39.6,8,3
COTTON APRON PANTRY DESIGN,1256.64,280,68
COUNTRY COTTAGE  DOORSTOP GREEN,534.75,139,38
COW  SOCK PUPPET,59.0,20,9
COWBOYS AND INDIANS BIRTHDAY CARD ,2425.09,6066,142
CRACKED GLAZE EARRINGS RED,2.55,1,1
CRACKED GLAZE NECKLACE IVORY,6.950000000000001,1,1
CRAZY DAISY HEART DECORATION,620.37,1044,25
CREAM AND PINK FLOWERS PONY ,75.0,20,8
CREAM BUNNY EASTER EGG BASKET,1.65,1,1
CREAM C/COVER W YELLOW/GREEN FLOWER,27.8,4,1
CREAM CLIMBING HYDRANGA ART FLOWER,115.35,121,4
CREAM CUPID HEARTS COAT HANGER,14944.2,4648,172
CREAM CUSHION COVER WITH FLOWERS,211.75,65,7
CREAM DELPHINIUM ARTIFICIAL FLOWER,112.73000000000002,47,7
CREAM FELT EASTER EGG BASKET,1996.6499999999999,1245,133
CREAM HANGING HEART T-LIGHT HOLDER,137.65,51,6
CREAM HEART CARD HOLDER,38924.01,13705,263
CREAM KNITTED HEN,365.76,288,1
CREAM SLICE FLANNEL CHOCOLATE SPOT ,948.35,341,33
CREAM SLICE FLANNEL PINK SPOT ,4168.5,1566,67
CREAM SWEETHEART DOUBLE SHELF,-50.849999999999994,-3,1
CREAM SWEETHEART EGG HOLDER,3296.8,696,97
CREAM SWEETHEART LETTER RACK,6001.87,1371,105
CREAM SWEETHEART MAGAZINE RACK,2244.0499999999997,139,56
CREAM SWEETHEART MINI CHEST,26309.73,2234,237
CREAM SWEETHEART SHELF + HOOKS,4782.26,748,79
CREAM SWEETHEART TRAYS,4206.95,373,78
CREAM SWEETHEART WALL CABINET,5871.46,388,58
CREAM WALL PLANTER HEART SHAPED,1979.8100000000002,354,73
CROCHET BEAR RED/BLUE  KEYRING,11.549999999999999,7,3
CROCHET BEAR WITH BLUE STRIPES,150.45,59,13
CROCHET DOG KEYRING,1.65,1,1
CROCHET POODLE KEYRING,9.899999999999999,6,1
CROCHET ROSE DES CLOTHES HANGER,20.65,7,3
CROCHET ROSE PURSE WITH SUEDE BACK,289.1,98,15
CROCHET WHITE RABBIT KEYRING ,44.699999999999996,30,2
CROSS STITCH ALPHABET CUSHION COVER,779.45,131,32
CRUK Commission,-7933.43,-16,1
CRYSTAL CZECH CROSS PHONE CHARM,26.709999999999997,25,3
CRYSTAL DIAMANTE EXPANDABLE RING,80.75,19,6
CRYSTAL DIAMANTE STAR BROOCH,79.2,16,5
CRYSTAL FROG PHONE CHARM,71.17999999999999,110,7
CRYSTAL HOOP EARRING FLORAL LEAF,61.95000000000001,21,8
CRYSTAL KEY+LOCK PHONE CHARM,39.949999999999996,47,5
CRYSTAL LARGE JEWELLED PHOTO FRAME,35.699999999999996,14,5
CRYSTAL PAIR HEART HAIR SLIDES,18.75,5,3
CRYSTAL SEA HORSE PHONE CHARM,45.56,104,6
CRYSTAL SMALL JEWELLED PHOTOFRAME,1.65,1,1
CRYSTAL STILETTO PHONE CHARM,54.4,64,7
CRYSTAL STUD EARRINGS ASSORTED COL ,344.16,648,16
CRYSTAL STUD EARRINGS CLEAR DISPLAY,109.44,288,6
CUBIC MUG BLUE POLKA DOT,1076.1,1242,3
CUBIC MUG FLOCK BLUE ON BROWN,925.74,1142,11
CUBIC MUG FLOCK PINK ON BROWN,34.53,83,8
CUBIC MUG PINK POLKA DOT,119.85,47,8
CUBIC MUG PINK POLKADOT,278.1,486,29
CUBIC MUG TEATIME CAKES,15.299999999999999,6,1
CUPBOARD 3 DRAWER MA CAMPAGNE,1005.15,69,44
CUPCAKE LACE PAPER SET 6,4533.83,2479,131
CUPID DESIGN SCENTED CANDLES,577.15,379,29
CUPID SCENTED CANDLE IN GLASS,36.3,22,5
CURIO CABINET LINEN AND LACE ,110.8,14,6
CURIOUS  IMAGES NOTEBOOK SET,445.25,325,8
CURIOUS IMAGES GIFT WRAP SET,464.40000000000003,449,37
CURIOUS IMAGES SCRAP BOOK SET,479.1,330,15
CUSHION COVER PINK UNION FLAG,521.85,83,13
CUSHION COVER PINK UNION JACK,395.64000000000004,76,24
CUT GLASS HEXAGON T-LIGHT HOLDER,1133.94,672,17
CUT GLASS T-LIGHT HOLDER OCTAGON,771.54,560,26
CUTE BIRD CEATURE SCREEN,10.23,23,3
CUTE CATS TAPE,346.07,971,29
CUTE RABBIT CEATURE SCREEN ,7.59,13,4
DADDY MOUSE RED GINGHAM BOW TIE,5.45,1,1
DAIRY MAID  PUDDING BOWL,168.75,45,17
DAIRY MAID  SMALL  MILK JUG,252.00000000000003,120,23
DAIRY MAID BUTTER DISH,189.5,48,15
DAIRY MAID CERAMIC BUTTER DISH,271.5,66,18
DAIRY MAID CERAMIC TOASTRACK,100.30000000000001,34,8
DAIRY MAID LARGE MILK JUG,2488.2000000000003,526,94
DAIRY MAID STRIPE MUG,2270.82,1758,61
DAIRY MAID SUGAR JAM BOWL,235.20000000000002,112,32
DAIRY MAID TOASTRACK,609.0600000000001,534,43
DAIRY MAID TRADITIONAL TEAPOT ,3251.65,571,86
DAISIES  HONEYCOMB GARLAND ,1274.2499999999998,781,68
DAISY ERASERS IN BAG,103.62,411,9
DAISY FOLKART HEART DECORATION,277.5,222,23
DAISY GARDEN MARKER,1743.6999999999998,1264,61
DAISY HAIR BAND,54.449999999999996,33,6
DAISY HAIR COMB,15.299999999999999,6,2
DAISY JOURNAL ,389.86999999999995,235,31
DAISY NOTEBOOK ,136.95,83,20
DAISY RING,10.0,8,1
DAISY SKETCHBOOK ,289.96,111,29
DANISH ROSE BEDSIDE CABINET,319.6,8,9
DANISH ROSE DECORATIVE PLATE,473.7,741,36
DANISH ROSE DELUXE COASTER,517.16,956,32
DANISH ROSE FOLDING CHAIR,707.5500000000001,89,19
DANISH ROSE PHOTO FRAME,1308.42,1110,62
DANISH ROSE ROUND SEWING BOX,881.72,662,46
DANISH ROSE TRINKET TRAYS,443.7,238,25
DANISH ROSE UMBRELLA STAND,322.15,21,13
DARK BIRD HOUSE TREE DECORATION,311.09,889,38
DARK CHOCOLATE SCENTCANDLE,75.55000000000001,95,6
DARK PINK FLOCK GLASS CANDLEHOLDER,184.05,481,4
DECORATION  BUTTERFLY  MAGIC GARDEN,456.22999999999996,571,50
DECORATION  PINK CHICK MAGIC GARDEN,340.18,410,43
"DECORATION , HANGING METAL CHICKEN",290.0,364,11
"DECORATION , HANGING METAL RABBIT",453.75,495,19
"DECORATION , WOBBLY CHICKEN, METAL ",729.9,562,35
"DECORATION , WOBBLY RABBIT , METAL ",1008.7499999999999,731,45
"DECORATION HEN ON NEST, HANGING",2027.1,1418,50
DECORATION SITTING BUNNY,185.79000000000002,957,16
DECORATION WHITE CHICK MAGIC GARDEN,556.46,662,67
DECORATION WOBBLY CHICKEN,220.07999999999998,448,15
DECORATION WOBBLY RABBIT METAL ,331.34999999999997,659,20
"DECORATION, HANGING HEART+MIRROR ",874.85,1357,46
DECORATIVE CATS BATHROOM BOTTLE,875.02,986,45
DECORATIVE FLORE BATHROOM BOTTLE,331.41,297,33
DECORATIVE HANGING SHELVING UNIT,619.45,11,6
DECORATIVE NET CANOPY CREAM,416.29999999999995,54,10
DECORATIVE NET CANOPY LEOPARD,207.5,62,4
DECORATIVE PLANT POT WITH FRIEZE,300.45,39,14
DECORATIVE ROSE BATHROOM BOTTLE,687.31,839,46
DECORATIVE VINTAGE COFFEE  BOX,148.8,32,8
DECORATIVE WICKER HEART LARGE,2113.2,1288,110
DECORATIVE WICKER HEART MEDIUM,1342.44,1080,91
DECORATIVE WICKER HEART SMALL,614.76,988,40
"DECOUPAGE,GREETING CARD,",423.36,1020,34
DECROTIVEVINTAGE COFFEE GRINDER BOX,49.5,10,4
DEEP BLUE GLASS GEMS IN BAG,197.07,303,4
DELUXE SEWING KIT ,8728.52,1560,158
DENIM PATCH PENCIL CASE BUTTERFLY,39.900000000000006,19,7
DENIM PATCH PURSE PINK BUTTERFLY,301.95,183,31
DIAMANTE BOW BROOCH BLACK COLOUR,266.7,42,12
DIAMANTE BOW BROOCH GREEN COLOUR,133.35,21,7
DIAMANTE BOW BROOCH RED COLOUR,253.99999999999997,40,11
DIAMANTE HAIR GRIP PACK/2 BLACK DIA,11.549999999999999,7,3
DIAMANTE HAIR GRIP PACK/2 CRYSTAL,9.899999999999999,6,2
DIAMANTE HAIR GRIP PACK/2 LT ROSE,24.749999999999996,15,5
DIAMANTE HAIR GRIP PACK/2 MONTANA,28.049999999999997,17,5
DIAMANTE HAIR GRIP PACK/2 PERIDOT,23.099999999999998,14,4
DIAMANTE HAIR GRIP PACK/2 RUBY,19.799999999999997,12,4
"DIAMANTE HEART SHAPED WALL MIRROR, ",3621.76,626,40
DIAMANTE NECKLACE,15.0,2,2
DIAMANTE NECKLACE BLACK ,22.5,3,2
DIAMANTE NECKLACE PURPLE,30.0,4,3
DIAMANTE RING ASSORTED IN BOX.,2288.16,1584,20
DIAMOND LAS VEGAS NECKLACE 45CM,29.75,5,3
DINOSAUR BIRTHDAY CARD,439.86,1073,49
DINOSAUR HEIGHT CHART STICKER SET,919.5500000000001,365,48
DINOSAUR KEYRINGS ASSORTED,1757.01,8466,106
DINOSAUR LUNCH BOX WITH CUTLERY,4405.08,1893,117
DINOSAUR LUNCHBOX WITH CUTLERY,741.75,293,44
DINOSAUR PARTY BAG + STICKER SET,2159.89,1373,98
DINOSAURS  WRITING SET ,1462.84,904,121
DINOSAURS WATER TRANSFER TATTOOS ,943.75,1163,65
DISCO BALL CHRISTMAS DECORATION,1731.72,15622,95
DISCO BALL ROTATOR BATTERY OPERATED,1628.0,384,67
DISTRESSED CANDLE STICK WHITE,17.85,3,2
DO NOT TOUCH MY STUFF DOOR HANGER ,1140.47,2181,84
DOCTOR'S BAG SOFT TOY,2266.68,244,57
DOG AND BALL WALL ART,425.87999999999994,252,3
"DOG BOWL , CHASING BALL DESIGN",1703.76,472,56
DOG BOWL CHASING BALL DESIGN,5251.87,1351,70
DOG BOWL VINTAGE CREAM,1227.42,288,66
"DOG BOWL, ENAMEL , CREAM COLOUR",34.0,8,2
"DOG FOOD CONTAINER , VINTAGE",68.0,8,2
DOG LICENCE WALL ART,1867.44,372,19
DOG TOY WITH PINK CROCHET SKIRT,1035.19,277,63
DOGGY RUBBER,77.28,368,26
DOILEY BISCUIT TIN,275.58000000000004,102,10
DOILEY STORAGE TIN,2405.0800000000004,892,69
DOILY THANK YOU CARD,198.42,493,26
DOLLCRAFT BOY JEAN-PAUL ,354.1,78,11
DOLLCRAFT GIRL AMELIE,158.4,32,7
DOLLCRAFT GIRL AMELIE KIT,294.7,66,8
DOLLCRAFT GIRL NICOLE,217.8,44,8
DOLLY CABINET 2 DRAWERS ,262.5,21,14
DOLLY CABINET 3 DRAWERS ,403.65,27,17
DOLLY GIRL BABY GIFT SET,4670.9,302,60
DOLLY GIRL CHILDRENS BOWL,1449.8500000000001,1229,73
DOLLY GIRL CHILDRENS CUP,1481.39,1229,68
DOLLY GIRL CHILDRENS EGG CUP,882.46,705,69
DOLLY GIRL LUNCH BOX,25684.39,14659,230
DOLLY GIRL MINI BACKPACK,2386.6,604,79
DOLLY GIRL MINI RUCKSACK,16.6,4,1
DOLLY GIRL WALL ART,1010.94,306,8
DOLLY HONEYCOMB GARLAND,686.6999999999999,598,35
DOLLY MIXTURE CHILDREN'S UMBRELLA,1278.13,395,67
DOLPHIN WINDMILL,38.160000000000004,18,5
DONKEY TAIL GAME ,144.54000000000002,42,2
DOOR HANGER  MUM + DADS ROOM,795.6899999999999,681,56
DOOR MAT 3 SMILEY CATS,7391.12,1400,67
DOOR MAT AIRMAIL ,1987.75,287,53
DOOR MAT BIRD ON THE WIRE,2518.71,441,39
DOOR MAT BLACK FLOCK ,6071.0,1098,61
DOOR MAT CAMOUFLAGE,152.0,38,1
DOOR MAT ENGLISH ROSE ,7501.72,1178,107
DOOR MAT FAIRY CAKE,7393.88,1214,94
DOOR MAT FANCY FONT HOME SWEET HOME,6010.73,913,74
DOOR MAT FRIENDSHIP ,2066.46,306,68
DOOR MAT GREEN PAISLEY ,1025.05,197,34
DOOR MAT HEARTS,7467.75,1343,99
DOOR MAT KISS MY.......,52.43,7,4
DOOR MAT MULTICOLOUR STRIPE,4780.18,816,68
DOOR MAT NEIGHBOURHOOD WITCH ,368.31,51,19
DOOR MAT NEW ENGLAND,9419.23,1505,139
DOOR MAT RED SPOT,12426.25,2053,154
DOOR MAT RESPECTABLE HOUSE,1913.26,280,47
DOOR MAT SPOTTY HOME SWEET HOME,7323.85,1327,86
DOOR MAT SWEET HOME,97.5,23,3
DOOR MAT TOPIARY,4770.77,781,58
DOOR MAT UNION FLAG,18433.59,2885,219
DOOR MAT UNION JACK GUNS AND ROSES,3384.07,563,65
DOOR MAT WELCOME PUPPIES,6168.56,1166,82
DOORKNOB CERAMIC IVORY,52.199999999999996,36,1
DOORKNOB CRACKED GLAZE BLUE,238.49999999999997,162,3
DOORKNOB CRACKED GLAZE GREEN,19.799999999999997,12,2
DOORKNOB CRACKED GLAZE IVORY,248.39999999999998,168,4
DOORKNOB CRACKED GLAZE PINK,19.799999999999997,12,2
DOORMAT 3 SMILEY CATS,10109.9,1806,91
DOORMAT AIRMAIL ,9636.75,1629,113
DOORMAT BIRD ON THE WIRE,1055.21,217,11
DOORMAT BLACK FLOCK ,13872.67,2578,97
DOORMAT CHRISTMAS VILLAGE,3939.1600000000003,698,54
DOORMAT ENGLISH ROSE ,17731.27,2821,163
DOORMAT FAIRY CAKE,17602.87,3057,122
DOORMAT FANCY FONT HOME SWEET HOME,26530.68,4402,145
DOORMAT FRIENDSHIP ,3662.39,735,29
DOORMAT HEARTS,28749.97,4925,227
DOORMAT HOME SWEET HOME BLUE ,12796.4,2150,182
DOORMAT I LOVE LONDON,3859.2200000000003,652,60
DOORMAT KEEP CALM AND COME IN,28486.45,4337,232
DOORMAT KISS MY.......,106.58,22,2
DOORMAT MERRY CHRISTMAS RED ,5130.3099999999995,731,105
DOORMAT MULTICOLOUR STRIPE,11337.48,2107,71
DOORMAT NEIGHBOURHOOD WITCH ,4843.400000000001,920,45
DOORMAT NEW ENGLAND,25983.9,4410,201
DOORMAT PEACE ON EARTH BLUE,4156.63,797,48
DOORMAT RED RETROSPOT,26588.88,4102,245
DOORMAT RED SPOT,5645.04,838,103
DOORMAT RESPECTABLE HOUSE,9746.59,1653,79
DOORMAT SPOTTY HOME SWEET HOME,14584.84,2049,205
DOORMAT TOPIARY,9685.210000000001,1681,94
DOORMAT UNION FLAG,33638.06,5284,259
DOORMAT UNION JACK GUNS AND ROSES,10099.68,1868,86
DOORMAT VINTAGE LEAF,3155.02,464,68
DOORMAT VINTAGE LEAVES DESIGN ,2480.0,380,58
DOORMAT WELCOME PUPPIES,16380.68,2968,116
DOORMAT WELCOME SUNRISE,3201.98,480,80
DOORMAT WELCOME TO OUR HOME,9002.31,1333,164
DOORSTOP FOOTBALL DESIGN,1146.61,403,53
DOORSTOP RACING CAR DESIGN,733.36,310,37
DOORSTOP RETROSPOT HEART,7269.04,1885,184
DOORSTOP RUSSIAN DOLL GINGHAM,97.5,26,13
DOORSTOP RUSSIAN DOLL RETROSPOT,226.74,62,22
DOT MATRIX CANVAS ART PICTURE,147.05,35,3
DOTCOM POSTAGE,11906.36,16,1
DOTS IRONING BOARD COVER,14.25,7,9
DOTTY PLACEMATS ,157.05,47,7
DOUBLE CERAMIC PARLOUR HOOK,66.4,16,4
DOUGHNUT LIP GLOSS ,7247.7,6114,120
DOVE DECORATION PAINTED ZINC ,1378.17,3101,75
DRAGONS BLOOD INCENSE,84.5,450,10
DRAWER KNOB ACRYLIC EDWARDIAN CLEAR,30.0,24,1
DRAWER KNOB ACRYLIC EDWARDIAN GREEN,30.0,24,1
DRAWER KNOB ACRYLIC EDWARDIAN PINK,30.0,24,1
DRAWER KNOB CERAMIC BLACK,1040.8999999999999,746,41
DRAWER KNOB CERAMIC IVORY,2165.94,1554,68
DRAWER KNOB CERAMIC RED,794.4,576,32
DRAWER KNOB CRACKLE GLAZE BLUE,1390.4399999999998,860,57
DRAWER KNOB CRACKLE GLAZE GREEN,1527.4499999999998,949,62
DRAWER KNOB CRACKLE GLAZE IVORY,2700.1499999999996,1683,77
DRAWER KNOB CRACKLE GLAZE PINK,1557.1499999999999,967,63
DRAWER KNOB VINTAGE GLASS BALL,499.05,235,27
DRAWER KNOB VINTAGE GLASS HEXAGON,428.48,206,16
DRAWER KNOB VINTAGE GLASS STAR,786.09,392,29
DRAWERKNOB ACRYLIC EDWARDIAN PURPLE,30.0,24,1
DROP DIAMANTE EARRINGS BLACK DIAMON,8.850000000000001,3,3
DROP DIAMANTE EARRINGS CRYSTAL,5.899999999999999,2,3
DROP DIAMANTE EARRINGS GREEN,5.899999999999999,2,3
DROP DIAMANTE EARRINGS PURPLE,32.45,11,5
DROP EARRINGS W FLOWER & LEAF,5.1,2,2
DUCK SOCK PUPPET,6.700000000000002,2,3
DUSTY PINK CHRISTMAS TREE 30CM,7.5,6,1
DUSTY PINK CHRISTMAS TREE 60CM,8.850000000000001,3,1
Discount,-12680.57,-2840,46
EASTER BUNNIES ON A STICK,519.96,1056,34
EASTER BUNNY GARLAND OF FLOWERS,284.76,678,43
EASTER BUNNY HANGING GARLAND,135.0,108,14
EASTER BUNNY WITH BASKET ON BACK,100.75,155,20
EASTER BUNNY WREATH,153.45000000000002,31,11
EASTER CRAFT 4 CHICKS ,3429.6,1888,117
EASTER CRAFT IVY WREATH WITH CHICK,931.65,527,46
EASTER DECORATION EGG BUNNY ,907.69,1099,44
EASTER DECORATION HANGING BUNNY,576.19,1627,51
EASTER DECORATION NATURAL CHICK,750.0500000000001,1197,55
EASTER DECORATION SITTING BUNNY,568.89,717,49
EASTER TIN BUCKET,2288.25,975,70
EASTER TIN BUNNY BOUQUET,1502.6999999999998,950,77
EASTER TIN CHICKS IN GARDEN,316.79999999999995,192,16
EASTER TIN CHICKS PINK DAISY,643.4999999999999,390,60
EASTER TIN KEEPSAKE,1129.9499999999998,711,66
EASTER TREE YELLOW BIRDS,1489.45,303,44
EAU DE NIL DINER WALL CLOCK,1423.75,171,60
EAU DE NIL LOVE BIRD CANDLE,389.97,365,19
EAU DE NILE HEART SHAPE PHOTO FRAME,578.4,368,28
EAU DE NILE JEWELLED PHOTOFRAME,410.99999999999994,236,19
EAU DE NILE JEWELLED T-LIGHT HOLDER,31.45,37,5
ECONOMY HOLIDAY PURSE,63.05000000000001,23,7
ECONOMY LUGGAGE TAG,258.31,189,29
ECONOMY PASSPORT COVER ,94.5,45,10
EDWARDIAN 2 DRAWER WALL CABINET ,377.9,26,9
EDWARDIAN DROP EARRINGS JET BLACK,11.25,3,3
EDWARDIAN HEART PHOTO FRAME,398.40000000000003,96,15
EDWARDIAN PARASOL BLACK,35680.62,7420,157
EDWARDIAN PARASOL NATURAL,42325.11,8732,157
EDWARDIAN PARASOL PINK,7012.860000000001,1421,101
EDWARDIAN PARASOL RED,20830.27,4582,133
EDWARDIAN PHOTO FRAME,418.75,67,19
EDWARDIAN TOILET ROLL UNIT ,581.4000000000001,116,15
EGG CUP HENRIETTA HEN CREAM ,627.02,550,19
EGG CUP HENRIETTA HEN PINK,187.5,150,12
EGG CUP MILKMAID HEIDI,763.27,659,34
EGG CUP MILKMAID HELGA ,368.75,295,25
EGG CUP MILKMAID INGRID,593.51,499,30
EGG CUP NATURAL CHICKEN,694.72,832,54
EGG FRYING PAN BLUE ,253.76000000000002,122,29
EGG FRYING PAN IVORY ,535.36,268,40
EGG FRYING PAN MINT ,303.68,146,35
EGG FRYING PAN PINK ,316.13,151,33
EGG FRYING PAN RED ,705.9200000000001,350,43
EIGHT PIECE CREEPY CRAWLIE SET,527.94,426,40
EIGHT PIECE DINOSAUR SET,999.19,803,65
EIGHT PIECE SNAKE  SET,626.69,505,49
ELEPHANT BIRTHDAY CARD ,318.84,768,39
ELEPHANT CARNIVAL POUFFE,1113.3,78,16
ELEPHANT CLIP W SUCTION CUP,8.82,21,4
ELEPHANT TOY WITH BLUE T-SHIRT,336.93,91,35
"ELEPHANT, BIRTHDAY CARD, ",2101.8,5258,142
ELVIS WALLHANGING / CURTAIN,222.5,178,13
EMBOSSED FLOWER TRELLIS PHOTO FRAME,12.75,5,3
EMBOSSED GLASS TEALIGHT HOLDER,3173.92,2595,109
EMBOSSED HEART 3 DRAWER SHELF,1477.35,117,34
EMBOSSED HEART TRINKET BOX,331.7,167,21
EMBROIDERED REINDEER DECORATION,20.79,14,4
EMBROIDERED RIBBON REEL CLAIRE,698.76,204,13
EMBROIDERED RIBBON REEL DAISY ,807.06,429,31
EMBROIDERED RIBBON REEL EMILY ,711.54,363,47
EMBROIDERED RIBBON REEL RACHEL ,697.72,268,20
EMBROIDERED RIBBON REEL REBECCA ,551.65,205,27
EMBROIDERED RIBBON REEL ROSIE,717.62,386,24
EMBROIDERED RIBBON REEL RUBY ,484.38,138,21
EMBROIDERED RIBBON REEL SALLY ,599.22,309,28
EMBROIDERED RIBBON REEL SOPHIE  ,751.26,218,21
EMBROIDERED RIBBON REEL SUSIE ,796.3199999999999,423,30
EMERGENCY FIRST AID TIN ,1939.12,1530,112
EMPIRE BIRTHDAY CARD,1175.85,2915,86
EMPIRE DESIGN ROSETTE,3713.9199999999996,4330,34
EMPIRE GIFT WRAP,2044.0,5100,111
EMPIRE TEDDY,6.95,1,1
EMPIRE TISSUE BOX,1236.19,1951,93
EMPIRE UNION JACK TV DINNER TRAY,2550.7200000000003,888,67
ENAMEL BLUE RIM BISCUIT BIN,1031.6000000000001,220,53
ENAMEL BLUE RIM COFFEE CONTAINER,315.69,228,26
ENAMEL BLUE RIM OVAL TRAY SET/2,237.72,28,18
ENAMEL BLUE RIM TEA CONTAINER,118.38000000000001,60,14
ENAMEL BOWL PANTRY,30.0,24,2
ENAMEL BREAD BIN CREAM,10555.85,888,156
ENAMEL CAT BOWL CREAM,91.8,28,2
ENAMEL COLANDER CREAM,2269.26,471,96
ENAMEL COLLANDER CREAM,338.95,73,15
ENAMEL DINNER PLATE PANTRY,19.799999999999997,12,1
ENAMEL DOG BOWL CREAM,120.48,28,2
ENAMEL FIRE BUCKET CREAM,1896.23,275,76
ENAMEL FLOWER JUG CREAM,10903.03,1903,224
ENAMEL JUG PANTRY,30.0,8,2
ENAMEL MEASURING JUG CREAM,6113.54,1494,182
ENAMEL MUG PANTRY,15.0,12,1
ENAMEL PINK COFFEE CONTAINER,769.84,682,48
ENAMEL PINK SUGAR CONTAINER,321.90000000000003,239,16
ENAMEL PINK TEA CONTAINER,785.65,634,51
ENAMEL WASH BOWL CREAM,2420.7000000000003,714,93
ENAMEL WATERING CAN CREAM,3890.84,872,124
ENCHANTED BIRD COATHANGER 5 HOOK,6901.43,1647,144
ENCHANTED BIRD PLANT CAGE,960.85,291,37
ENCHANTED GARDEN WROUGHT IRON TABLE,14.95,1,1
ENGLISH ROSE DESIGN KITCHEN APRON,-11.9,-2,2
ENGLISH ROSE DESIGN PEG BAG,3081.51,1557,108
ENGLISH ROSE DESIGN QUILTED THROW,2232.1,158,17
ENGLISH ROSE DESIGN SHOPPING BAG,-2.55,-1,1
ENGLISH ROSE EDWARDIAN PARASOL,1515.0,505,1
ENGLISH ROSE GARDEN SECATEURS,1688.86,1662,98
ENGLISH ROSE HOT WATER BOTTLE,6516.66,1621,150
ENGLISH ROSE IRONING BOARD COVER,312.05,83,12
ENGLISH ROSE METAL WASTE BIN,209.45000000000002,71,28
ENGLISH ROSE MUG IN GIFT BOX,217.59,137,7
ENGLISH ROSE NOTEBOOK A6 SIZE,255.95000000000002,507,29
ENGLISH ROSE NOTEBOOK A7 SIZE,1427.1399999999999,3396,124
ENGLISH ROSE PHOTO FRAME ,60.45,13,4
ENGLISH ROSE PLACEMATS,228.75,61,11
ENGLISH ROSE SCENTED HANGING FLOWER,288.25,305,20
ENGLISH ROSE SCENTED HANGING HEART,148.75,35,15
ENGLISH ROSE SCISSORS,122.5,98,16
ENGLISH ROSE SET/3 GARDEN TOOLS,-7.950000000000001,-1,3
ENGLISH ROSE SMALL SCENTED FLOWER,113.05,133,22
ENGLISH ROSE SPIRIT LEVEL ,654.42,682,46
ENGLISH ROSE TABLE CLOCK,271.4,132,4
ENGLISH ROSE TABLE CLOTH,1681.2,168,28
ENGLISH ROSE TAPE MEASURE,201.69,165,24
ENGLISH ROSE TEA SET IN GIFT BOX,165.84,40,6
ENGLISH ROSE TORCH,31.349999999999994,19,4
ENVELOPE 50 BLOSSOM IMAGES,498.74,787,45
ENVELOPE 50 CURIOUS IMAGES,58.309999999999995,-69,20
ENVELOPE 50 ROMANTIC IMAGES,316.33,445,20
ESSENTIAL BALM 3.5g TIN IN ENVELOPE,358.44,3018,22
ETCHED GLASS BIRD TREE DECORATION,617.5,494,31
ETCHED GLASS COASTER,938.57,1379,45
ETCHED GLASS DROPLET DECORATION,527.72,1186,20
ETCHED GLASS STAR TREE DECORATION,573.75,459,32
EUCALYPTUS & PINECONE  WREATH,1068.9,386,38
F FAIRY POTPOURRI CUSHIONS LAVENDER,90.48,120,4
F.FAIRY S/3 CANDLE/GLASS,74.19999999999999,36,4
"F.FAIRY S/3 CANDLE/GLASS, ROSE",362.7,186,5
"F.FAIRY S/3 CANDLE/GLASS,LAVENDER",296.40000000000003,152,3
"F.FAIRY S/3 CANDLE/GLASS,LILY/VALLY",265.2,136,3
FAIRY CAKE BIRTHDAY CANDLE SET,2281.15,645,80
FAIRY CAKE CANDLES,3639.57,2721,58
FAIRY CAKE CERAMIC BUTTER DISH,434.70000000000005,162,11
FAIRY CAKE DESIGN UMBRELLA,2476.17,681,82
FAIRY CAKE FLANNEL ASSORTED COLOUR,4047.38,2709,120
FAIRY CAKE GREETINGS CARD,217.44,528,33
FAIRY CAKE NOTEBOOK A5 SIZE,398.65,469,43
FAIRY CAKE PLACEMATS,262.05,75,12
FAIRY CAKE PLACEMATS ,138.75,37,12
FAIRY CAKE WICKER PICNIC BASKET ,165.75,13,10
FAIRY CAKES  WALL THERMOMETER,58.65,23,8
FAIRY CAKES GIFT BAG,18.06,43,7
FAIRY CAKES NOTEBOOK A6 SIZE,792.1800000000001,1215,76
FAIRY CAKES NOTEBOOK A7 SIZE,515.6999999999999,1222,69
FAIRY CAKES PHOTO FRAME,103.75,83,2
FAIRY CAKES RECTANGLUAR BOXES,124.95,21,13
FAIRY CAKES ROUND NESTING BOXES,162.9,30,7
FAIRY CAKES TABLE CLOCK,17.9,2,3
FAIRY CAKES TILE COASTER,76.25,61,10
FAIRY DREAMS INCENSE ,291.61,1466,23
FAIRY SOAP SOAP HOLDER,2250.23,1415,71
FAIRY TALE COTTAGE NIGHT LIGHT,1262.1,676,46
FAIRY TALE COTTAGE NIGHTLIGHT,6331.5,3658,91
FAMILY ALBUM WHITE PICTURE FRAME,12952.24,1645,143
FAMILY PHOTO FRAME CORNICE,6873.639999999999,759,130
FAN BLACK FRAME ,14.209999999999999,49,8
"FANCY FONT BIRTHDAY CARD, ",3133.56,7922,151
FANCY FONT HOME SWEET HOME DOORMAT,2207.25,359,43
FANCY FONTS BIRTHDAY WRAP,4915.0,12550,177
FANNY'S REST STOPMETAL SIGN,3708.6200000000003,1832,110
FAUX FUR CHOCOLATE THROW,639.0,40,16
FAWN AND MUSHROOM GREETING CARD,300.71999999999997,716,38
FAWN BLUE HOT WATER BOTTLE,16308.77,5615,251
"FEATHER DUSTER, COAL BLACK",195.0,156,17
"FEATHER DUSTER, LIGHT PINK",7.5,6,4
FEATHER HEART LIGHTS,-20.0,-8,2
"FEATHER PEN,COAL BLACK",1366.09,2101,48
"FEATHER PEN,HOT PINK",2364.0299999999997,3801,74
"FEATHER PEN,LIGHT PINK",1266.6999999999998,1988,60
FELT EGG COSY BLUE RABBIT ,656.87,815,46
FELT EGG COSY CHICKEN,1001.87,1175,74
FELT EGG COSY LADYBIRD ,362.35999999999996,493,22
FELT EGG COSY WHITE RABBIT ,973.9699999999999,1237,64
FELT FARM ANIMAL CHICKEN,598.08,504,40
FELT FARM ANIMAL HEN,244.71,387,19
FELT FARM ANIMAL RABBIT,691.8,864,45
FELT FARM ANIMAL SHEEP,166.89,261,13
FELT FARM ANIMAL WHITE BUNNY ,618.1999999999999,1400,49
FELT TOADSTOOL  SMALL,504.04999999999995,593,36
FELT TOADSTOOL LARGE,967.27,803,48
FELTCRAFT 6 FLOWER FRIENDS,16198.990000000002,8191,315
FELTCRAFT BOY JEAN-PAUL KIT,1116.93,227,59
FELTCRAFT BUTTERFLY HEARTS,11687.699999999999,8578,280
FELTCRAFT CHRISTMAS FAIRY,9712.68,2372,209
FELTCRAFT CUSHION BUTTERFLY,14493.22,4156,179
FELTCRAFT CUSHION OWL,14750.710000000001,4118,192
FELTCRAFT CUSHION RABBIT,15115.61,4266,181
FELTCRAFT DOLL EMILY,6412.06,2296,189
FELTCRAFT DOLL MARIA,2565.4100000000003,957,111
FELTCRAFT DOLL MOLLY,11421.33,4203,217
FELTCRAFT DOLL ROSIE,9116.86,3296,212
FELTCRAFT GIRL AMELIE KIT,3402.88,696,106
FELTCRAFT GIRL NICOLE KIT,2085.1400000000003,422,78
FELTCRAFT HAIRBAND PINK AND BLUE,1103.28,1320,99
FELTCRAFT HAIRBAND PINK AND PURPLE,1114.08,1296,100
FELTCRAFT HAIRBAND RED AND BLUE,918.8299999999999,1103,92
"FELTCRAFT HAIRBAND S/2, PINK/PURPLE",40.8,48,4
"FELTCRAFT HAIRBAND, S/2, RED/BLUE",134.28,180,4
FELTCRAFT HAIRBANDS PINK + WHITE ,40.8,48,4
FELTCRAFT HAIRBANDS PINK AND WHITE ,989.54,1166,92
FELTCRAFT PRINCESS CHARLOTTE DOLL,8928.31,2463,209
FELTCRAFT PRINCESS LOLA DOLL,8064.99,2215,202
FELTCRAFT PRINCESS OLIVIA DOLL,5700.2,1576,149
FENG SHUI PILLAR CANDLE,822.7,4330,31
FILIGREE DIAMANTE CHAIN,51.0,4,2
FILIGREE DIAMANTE EARRINGS,63.75,15,3
FILIGREE HEART BIRD WHITE ,1197.79,950,41
FILIGREE HEART BUTTERFLY WHITE ,1533.31,1261,42
FILIGREE HEART DAISY WHITE,1043.59,851,41
FILIGREE WALL MIRROR  ANTIQUE WHITE,493.55,53,13
FILIGRIS HEART WITH BUTTERFLY,9315.39,7795,146
FINE SILVER NECKLACE W PASTEL FLOWE,131.25,22,7
FINE WICKER HEART ,2953.5,2454,133
FIRE POLISHED GLASS BRACELET GREEN,33.75,9,2
FIRE POLISHED GLASS BRACELET MONTAN,22.5,6,1
FIRE POLISHED GLASS NECKL BRONZE,35.7,6,2
FIRE POLISHED GLASS NECKL GOLD,11.9,2,1
FIRE POLISHED GLASS NECKL GREEN,59.5,10,3
FIRE POLISHED GLASS NECKL SILVER,35.7,6,2
FIRST AID TIN,8170.35,2577,149
FIRST CLASS HOLIDAY PURSE ,156.57000000000002,51,11
FIRST CLASS LUGGAGE TAG ,272.13,225,37
FIRST CLASS PASSPORT COVER ,370.48,178,33
FIVE CATS HANGING DECORATION,751.72,256,41
FIVE HEART HANGING DECORATION,2372.5000000000005,814,91
FLAG OF ST GEORGE ,343.2,208,26
FLAG OF ST GEORGE CAR FLAG,250.74,647,25
FLAG OF ST GEORGE CHAIR,173.4,36,8
FLAMES SUNGLASSES PINK LENSES,84.44999999999999,47,8
FLAMINGO LIGHTS,2141.05,471,38
FLAT GLASS  BAUBLE WHITE FLOCK ,14.45,17,3
FLAT PALM T-LIGHT HOLDER,84.15,75,7
FLOOR CUSHION ELEPHANT CARNIVAL,595.55,69,13
FLOOR LAMP SHADE WOOD BASE,394.0,44,6
FLORAL BATHROOM SET,137.7,38,16
FLORAL BLUE MONSTER,208.75,53,13
FLORAL DINOSAUR GREEN,63.75,15,7
FLORAL ELEPHANT SOFT TOY,2932.75,761,41
FLORAL FOLK STATIONERY SET,2162.7000000000003,1395,96
FLORAL PINK MONSTER,265.98,74,13
FLORAL SOFT CAR TOY,300.0,80,18
FLOWER BLUE CLOCK W/SUCKER,36.55,43,7
FLOWER BLUE CLOCK WITH SUCKER,32.769999999999996,113,7
FLOWER BROOCH 4 ASSORTED COLOURS,19.8,4,2
FLOWER BURST SILVER RING CRYSTAL,67.5,18,7
FLOWER BURST SILVER RING GREEN,22.5,6,4
FLOWER BURST SILVER RING MIDN'T BLU,75.0,20,6
FLOWER BURST SILVER RING OPAL,112.5,30,9
FLOWER BURST SILVER RING ROSE,48.75,13,4
FLOWER DES BLUE HANDBAG/ORANG HANDL,3.75,1,1
FLOWER FAIRY 5 DRAWER LINERS,112.19999999999999,44,10
FLOWER FAIRY 5 SUMMER DRAW LINERS,15.299999999999999,6,1
FLOWER FAIRY INCENSE BOUQUET,347.6,832,15
FLOWER FAIRY INCENSE LAVENDER,128.03,299,7
FLOWER FAIRY INCENSE LILY,257.56,664,6
FLOWER FAIRY INCENSE ROSE,123.09,286,8
"FLOWER FAIRY MUG+COASTER,LAVENDER",18.75,5,3
"FLOWER FAIRY MUG+COASTER,ROSE",22.5,6,1
FLOWER FAIRY OIL BURNER SET ROSE,453.0,360,6
FLOWER FAIRY OIL BURNER SET SUMMER,379.25,301,6
FLOWER FAIRY POTPOURRI CUSHION LILY,182.65,281,2
FLOWER FAIRY SET 3 CANDLES LAVENDER,374.8,184,12
FLOWER FAIRY SET OF 3 LILY CANDLES,390.0,200,5
FLOWER FAIRY SUMMER BOUQUET SACHET,113.82000000000001,271,11
"FLOWER FAIRY,5 SUMMER B'DRAW LINERS",395.25,155,29
FLOWER GARLAND NECKLACE RED,95.4,12,5
"FLOWER GLASS GARLAND NECKL.36""BLACK",190.8,24,7
"FLOWER GLASS GARLAND NECKL.36""BLUE",127.2,16,4
"FLOWER GLASS GARLAND NECKL.36""GREEN",79.5,10,4
"FLOWER GLASS GARLD NECKL36""AMETHYST",111.30000000000001,14,7
"FLOWER GLASS GARLD NECKL36""TURQUOIS",55.65,7,3
FLOWER PENCIL/RUBBER+5 MINI PENCILS,95.76,228,6
FLOWER PURPLE CLOCK W/SUCKER,8.5,10,3
FLOWER PURPLE CLOCK WITH SUCKER,3.7699999999999996,13,2
FLOWER VINE RAFFIA FOOD COVER,2798.4300000000003,774,91
FLOWER WINDMILL,146.69,121,11
FLOWERS  STICKERS,547.66,820,47
FLOWERS AND BIRDS WALL PLAQUE,15.9,2,1
FLOWERS CHANDELIER T-LIGHT HOLDER,701.59,331,18
FLOWERS HANDBAG blue and orange,58.75,47,2
FLOWERS TILE COASTER,305.98,676,21
FLOWERS TILE HOOK,105.42,73,12
FLOWERS WALL THERMOMETER,127.49999999999999,74,2
FLUTED ANTIQUE CANDLE HOLDER,1599.33,1951,74
FLYING PIG WATERING CAN,728.7500000000001,317,39
FLYING SAUCER TABLE LIGHT IN WHITE,433.65000000000003,147,3
FOLDING BUTTERFLY MIRROR HOT PINK ,1211.36,1578,57
FOLDING BUTTERFLY MIRROR IVORY ,448.38,555,42
FOLDING BUTTERFLY MIRROR RED  ,824.33,1087,37
FOLDING CAMPING SCISSOR W/KNIF & S,1.44,12,1
FOLDING MIRROR HOT PINK ,108.96,144,4
FOLDING MIRROR IVORY ,14.939999999999998,18,2
FOLDING MIRROR RED  ,14.939999999999998,18,2
FOLDING SHOE TIDY,64.14999999999999,25,2
FOLDING UMBRELLA  CHOC/WHITE  SPOT,533.7,166,19
FOLDING UMBRELLA  CREAM/MULTI  SPOT,906.75,285,28
FOLDING UMBRELLA  PINK/WHITE  SPOT,841.9499999999999,301,24
FOLDING UMBRELLA  WHITE/RED  SPOT,773.5500000000001,229,16
"FOLDING UMBRELLA , BLACK/BLUE  SPOT",1354.95,361,31
"FOLDING UMBRELLA , RED/WHITE SPOT",1769.8500000000001,503,48
FOLDING UMBRELLA BLACKBLUE POLKADOT,571.52,114,31
FOLDING UMBRELLA CHOCOLATE POLKADOT,311.26,63,18
FOLDING UMBRELLA CREAM POLKADOT,583.45,119,19
FOLDING UMBRELLA PINKWHITE POLKADOT,323.31,66,19
FOLDING UMBRELLA RED/WHITE POLKADOT,1065.28,215,41
FOLDING UMBRELLA WHITE/RED POLKADOT,360.70000000000005,74,16
"FOLK ART GREETING CARD,pack/12",132.75000000000003,45,11
FOLK ART METAL HEART T-LIGHT HOLDER,185.00000000000003,493,31
FOLK ART METAL STAR T-LIGHT HOLDER,181.58,463,27
FOLK FELT HANGING MULTICOL GARLAND,1065.6,880,14
FOLKART BAUBLE CHRISTMAS DECORATION,500.82000000000005,1002,26
FOLKART CHRISTMAS TREE T-LIGHT HOLD,39.900000000000006,105,9
FOLKART CLIP ON STARS,374.52000000000004,757,31
FOLKART CROWN TABLE DECORATIONS,161.88,172,14
FOLKART HEART NAPKIN RINGS,375.85,175,29
FOLKART STAR CHRISTMAS DECORATIONS,1021.99,2239,64
FOLKART ZINC CLIP ON ANGEL WINGS,7.98,21,4
FOLKART ZINC HEART CHRISTMAS DEC,6840.7699999999995,9017,131
FOLKART ZINC STAR CHRISTMAS DEC,533.8,628,31
FOOD CONTAINER SET 3 LOVE HEART ,7389.67,4207,142
"FOOD COVER WITH BEADS , SET 2 SIZES",11.25,3,1
FOOD COVER WITH BEADS SET 2 ,2756.92,762,72
FOOD/DRINK SPONGE STICKERS,273.0,1300,32
FOOD/DRINK SPUNGE STICKERS,138.03,663,14
FOOT STOOL HOME SWEET HOME ,2915.7,318,77
FORKED CACTUS CANDLE,421.43000000000006,199,21
FOUR HOOK  WHITE LOVEBIRDS,5526.51,2811,172
FOUR PICTURE WHITE GLASS FRAME,26.25,7,2
FOUR RABBIT EASTER DECORATIONS,88.75,71,12
FRAPPUCINO SCARF KNITTING KIT,440.08,294,30
FREESTYLE CANVAS ART PICTURE,148.45,99,13
FRENCH BATHROOM SIGN BLUE METAL,3068.0699999999997,1903,154
FRENCH BLUE METAL DOOR SIGN 0,431.9,346,34
FRENCH BLUE METAL DOOR SIGN 1,1018.64,812,43
FRENCH BLUE METAL DOOR SIGN 2,867.51,694,41
FRENCH BLUE METAL DOOR SIGN 3,719.93,574,44
FRENCH BLUE METAL DOOR SIGN 4,636.82,508,39
FRENCH BLUE METAL DOOR SIGN 5,678.72,542,39
FRENCH BLUE METAL DOOR SIGN 6,604.51,482,33
FRENCH BLUE METAL DOOR SIGN 7,595.61,476,38
FRENCH BLUE METAL DOOR SIGN 8,531.82,424,37
FRENCH BLUE METAL DOOR SIGN 9,408.15,327,29
FRENCH BLUE METAL DOOR SIGN No,917.2,795,31
"FRENCH BLUE METAL DOOR SIGN, 0",440.0,352,30
"FRENCH BLUE METAL DOOR SIGN, 1",566.25,453,36
"FRENCH BLUE METAL DOOR SIGN, 2",485.0,388,39
"FRENCH BLUE METAL DOOR SIGN, 3",477.5,382,35
"FRENCH BLUE METAL DOOR SIGN, 4",446.25,357,32
"FRENCH BLUE METAL DOOR SIGN, 5",455.0,364,35
"FRENCH BLUE METAL DOOR SIGN, 6",400.0,320,31
"FRENCH BLUE METAL DOOR SIGN, 7",421.25,337,32
"FRENCH BLUE METAL DOOR SIGN, 8",418.75,335,31
"FRENCH BLUE METAL DOOR SIGN, 9",423.75,339,30
"FRENCH BLUE METAL DOOR SIGN, No",316.25,253,24
"FRENCH BOTTLE , LAVENDER",427.94999999999993,271,24
"FRENCH BOTTLE, BRASSERIE DES ARTIST",312.44999999999993,201,17
FRENCH CARRIAGE LANTERN,572.95,89,29
FRENCH CHATEAU LARGE FRUIT BOWL ,195.89999999999998,82,13
FRENCH CHATEAU LARGE PLATTER ,284.55,109,20
FRENCH CHATEAU OVAL PLATTER,347.84999999999997,163,12
FRENCH CHATEAU SMALL FRUITBOWL,308.25,209,16
FRENCH EMROIDR LAVENDER SCENT HEART,317.1,151,23
FRENCH ENAMEL CANDLEHOLDER,2534.3900000000003,1286,104
FRENCH ENAMEL POT W LID,1519.91,623,62
FRENCH ENAMEL SOAP DISH WITH LID,100.80000000000001,48,1
FRENCH ENAMEL UTENSIL HOLDER,748.55,209,31
FRENCH ENAMEL WATER BASIN,1051.56,357,63
FRENCH FLORAL CUSHION COVER ,613.9899999999999,455,31
FRENCH GARDEN SIGN BLUE METAL,1049.33,843,87
FRENCH KITCHEN SIGN BLUE METAL,1798.89,1476,129
FRENCH LATTICE CUSHION COVER ,298.99,333,29
FRENCH LAUNDRY SIGN BLUE METAL,1935.7599999999998,1204,91
FRENCH LAVENDER SCENT HEART,486.15000000000003,542,41
FRENCH PAISLEY CUSHION COVER,174.52,164,12
FRENCH PAISLEY CUSHION COVER ,329.34000000000003,266,29
FRENCH STYLE EMBOSSED HEART CABINET,529.8,25,19
FRENCH STYLE STORAGE JAR BONBONS,391.25999999999993,1350,36
FRENCH STYLE STORAGE JAR CAFE ,620.2699999999999,1315,34
FRENCH STYLE STORAGE JAR JAM,86.42999999999999,219,19
FRENCH STYLE WALL DRESSER,750.0,6,7
FRENCH STYLE WIRE DOOR CABINET ,29.95,1,1
FRENCH TOILET SIGN BLUE METAL,1874.72,1559,117
FRENCH WC SIGN BLUE METAL,2874.55,2386,143
FRESHWATER PEARL BRACELET GOLD,51.0,20,3
FRESHWATER PEARL BRACELET IVORY,76.5,30,6
FRESHWATER PEARL BRACELET PINK,33.15,13,3
FRIDGE MAGNETS LA VIE EN ROSE,539.4499999999999,653,34
FRIDGE MAGNETS LES ENFANTS ASSORTED,650.5,802,37
FRIDGE MAGNETS US DINER ASSORTED,989.8,1222,46
FROG CANDLE,342.95,511,23
FROG KING WATERING CAN,305.40000000000003,132,20
FROG SOCK PUPPET,265.3,94,17
FROSTED BOX 9 WHITE T-LIGHT CANDLES,1066.86,2697,80
FROSTED WHITE BASE ,78.97999999999999,170,14
FRUIT SALAD BAG CHARM,45.63,27,7
FRUIT TREE AND BIRDS WALL PLAQUE,604.5,230,13
FRYING PAN BLUE POLKADOT,363.5,106,24
FRYING PAN BLUE POLKADOT ,850.25,217,26
FRYING PAN BLUE RETROSPOT,12.75,3,2
FRYING PAN PINK POLKADOT,1771.29,469,44
FRYING PAN PINK POLKADOT ,1618.0,388,40
FRYING PAN PINK RETROSPOT,25.5,6,2
FRYING PAN RED POLKADOT ,2636.71,695,56
FRYING PAN RED RETROSPOT,1485.0,418,64
FRYING PAN UNION FLAG,9016.61,2299,99
FULL ENGLISH BREAKFAST PLATE,8220.6,2296,105
FUNKY DIVA PEN,6341.41,7555,83
FUNKY FLOWER COFFEE POT,3.75,1,1
FUNKY FLOWER PICNIC BAG FOR 4,33.9,2,2
FUNKY GIRL ADDRESS BOOK,90.97,173,6
FUNKY GIRLZ ASST MAGNETIC MEMO PAD,107.25,165,15
FUNKY GIRLZ MAGNETIC TO DO LIST ,2.6,4,1
FUNKY MONKEY CUSHION COVER,191.25,225,12
FUNKY MONKEY GIFT BAG MEDIUM,292.74,1057,25
FUNKY MONKEY GIFT BAG SMALL,118.38,1262,3
FUNKY MONKEY MUG,632.9,658,21
FUNKY WASHING UP GLOVES ASSORTED,3988.9200000000005,1944,128
FUSCHIA FLOWER PURSE WITH BEADS,119.22999999999999,119,10
FUSCHIA RETRO BAR STOOL,866.85,23,7
FUSCHIA TABLE RUN FLOWER ,31.25,23,3
FUSCHIA VOILE POINTY SHOE DEC,43.29,59,6
FUSCHIA/GREEN STRIPE WOOLLY BLANKET,321.3,54,2
GAOLERS KEYS DECORATIVE GARDEN ,6389.77,1963,118
GARAGE KEY FOB,346.20000000000005,510,49
GARDEN METAL SIGN ,2626.4999999999995,1778,119
GARDEN PATH JOURNAL,810.6099999999999,450,55
GARDEN PATH NOTEBOOK ,240.89999999999998,146,33
GARDEN PATH POCKET BOOK,445.99999999999994,584,23
GARDEN PATH SKETCHBOOK,801.58,291,51
GARDENERS KNEELING PAD,4622.56,3968,159
GARDENERS KNEELING PAD CUP OF TEA ,6865.889999999999,4321,210
GARDENERS KNEELING PAD KEEP CALM ,9386.83,5799,220
GARDENIA 1 WICK MORRIS BOXED CANDLE,1551.17,405,45
GARDENIA 3 WICK MORRIS BOXED CANDLE,1324.73,385,45
"GARLAND , WOODEN  "" HAPPY EASTER""",82.5,66,6
GARLAND WITH HEARTS AND BELLS,1487.5500000000002,309,42
GARLAND WITH STARS AND BELLS,1390.0500000000002,291,37
GARLAND WOODEN HAPPY EASTER,3290.75,2852,133
"GARLAND, MAGIC GARDEN 1.8M",627.6,344,22
"GARLAND, VINTAGE BELLS",121.38,42,5
GEISHA GIRL CHOPSTICKS SET/5,204.75,105,9
GEMSTONE CHANDELIER T-LIGHT HOLDER,308.1,70,5
GENTLEMAN SHIRT REPAIR KIT ,1918.03,2407,68
GEORGIAN TRINKET BOX,1356.5,115,29
GERANIUM FOLKART HEART DECORATION,41.25,33,7
GERANIUM SQUARE HANDY TIN,33.75,27,6
GIANT 50'S CHRISTMAS CRACKER,4294.65,1633,158
GIANT BLACK SUNGLASSES,128.7,66,12
GIANT MEDINA STAMPED METAL BOWL ,1308.5,142,31
GIANT PINK HEART MEMO HOLDER,252.8,64,22
GIANT SEVENTEEN DRAWER SIDEBOARD,165.0,1,1
GIFT BAG BIRTHDAY,553.98,852,48
GIFT BAG LARGE 50'S CHRISTMAS,30.0,24,2
GIFT BAG LARGE SPOT ,60.0,48,3
GIFT BAG LARGE VINTAGE CHRISTMAS,125.0,100,5
GIFT BAG PSYCHEDELIC APPLES,654.9100000000001,1007,59
GIN & TONIC DIET GREETING CARD ,2188.26,5337,102
GIN + TONIC DIET METAL SIGN,27067.65,12746,262
GIN AND TONIC DIET METAL SIGN,1044.51,445,28
GIN AND TONIC MUG,6038.23,4911,123
GINGERBREAD MAN COOKIE CUTTER,7444.16,6303,255
GINGHAM BABUSHKA DOORSTOP,384.22,186,34
GINGHAM HEART  DOORSTOP RED,4265.39,1235,166
GINGHAM HEART DECORATION,3887.5299999999997,4489,161
GINGHAM HEART WREATH,414.70000000000005,146,24
GINGHAM OVEN GLOVE RED HEART ,390.0,104,40
GINGHAM RECIPE BOOK BOX,1372.95,289,53
GINGHAM ROSE WRAP,1024.3,2515,73
GIRAFFE WOODEN RULER,4581.839999999999,2456,115
GIRLS ALPHABET IRON ON PATCHES ,4037.76,21696,23
GIRLS VINTAGE TIN SEASIDE BUCKET,4973.97,2167,122
GIRLY PINK TOOL SET,921.5500000000001,203,17
GLAMOROUS  MUG,4313.96,4476,91
GLASS  BEURRE DISH,5886.14,1570,94
GLASS  SONGBIRD STORAGE JAR,1152.45,99,32
GLASS AND BEADS BRACELET IVORY,11.25,3,1
GLASS AND PAINTED BEADS BRACELET TO,33.75,9,2
GLASS APOTHECARY BOTTLE ELIXIR,1987.5800000000002,542,67
GLASS APOTHECARY BOTTLE PERFUME,2679.7400000000002,732,86
GLASS APOTHECARY BOTTLE TONIC,2247.7400000000002,612,75
GLASS BEAD HOOP EARRINGS AMETHYST,14.75,5,3
GLASS BEAD HOOP EARRINGS BLACK,5.9,2,2
GLASS BEAD HOOP EARRINGS GREEN,5.9,2,1
GLASS BEAD HOOP EARRINGS MONTANA,14.75,5,2
GLASS BEAD HOOP NECKLACE AMETHYST,42.5,5,3
GLASS BEAD HOOP NECKLACE BLACK,42.5,5,4
GLASS BEAD HOOP NECKLACE GREEN,25.5,3,2
GLASS BEAD HOOP NECKLACE MONTANA,34.0,4,2
GLASS BON BON JAR,2734.47,1705,66
GLASS BONBON JAR PARFUME AUX FLEURE,434.26,362,34
GLASS BONBON JAR. D'AMANDES,87.5,70,10
GLASS BONBON JAR. SUPERFINES,72.5,58,9
GLASS BONNE JAM JAR,211.65000000000003,51,11
GLASS CAKE COVER AND PLATE,2117.3999999999996,132,50
GLASS CAKE STAND,855.65,59,24
GLASS CAKE STAND MIRRORED BASE,164.45,11,6
GLASS CHALICE BLUE  LARGE ,175.35,79,7
GLASS CHALICE BLUE SMALL ,512.66,650,40
GLASS CHALICE GREEN  LARGE ,494.44,260,17
GLASS CHALICE GREEN  SMALL ,431.59999999999997,340,23
GLASS CHICKEN BUTTER DISH,80.55,43,12
GLASS CLOCHE LARGE,2157.3,273,35
GLASS CLOCHE SMALL,2275.73,633,60
GLASS ETCHED T-LIGHT HOLDER LARGE,1761.0000000000002,900,43
GLASS ETCHED T-LIGHT HOLDER MEDIUM,858.75,457,29
GLASS HEART T-LIGHT HOLDER ,3036.5499999999997,4144,93
GLASS HONEYPOT WASP CATCHER,3336.15,1889,101
GLASS JAR DAISY FRESH COTTON WOOL,3063.6,1130,91
GLASS JAR DIGESTIVE BISCUITS,4027.7,1346,76
GLASS JAR ENGLISH CONFECTIONERY,4295.15,1601,97
GLASS JAR KINGS CHOICE,2930.52,944,46
GLASS JAR MARMALADE ,1144.19,417,47
GLASS JAR PEACOCK BATH SALTS,1141.73,403,68
"GLASS JAR, ENGLISH CONFECTIONERY",0.0,0,1
"GLASS JAR, KINGS CHOICE SOAP",112.10000000000001,38,7
GLASS SONGBIRD STORAGE JAR,101.7,9,2
GLASS SPHERE CANDLE STAND LARGE ,389.05,215,8
GLASS SPHERE CANDLE STAND MEDIUM,658.05,233,28
GLASS STAR FROSTED T-LIGHT HOLDER,2938.69,623,79
GLASS TWIST BON BON JAR,271.8,36,11
GLASS WINE GLASS DECORATIONS,27.5,22,3
GLITTER BUTTERFLY CLIPS,6862.650000000001,2975,102
GLITTER CHRISTMAS HEART ,803.2299999999999,967,50
GLITTER CHRISTMAS STAR ,1281.28,2388,93
GLITTER CHRISTMAS TREE,546.1899999999999,911,52
GLITTER CHRISTMAS TREE WITH BELLS,682.01,485,39
GLITTER HANGING BUTTERFLY STRING,5524.03,2642,94
GLITTER HEART DECORATION,612.85,1449,57
GLITTER HEART GARLAND WITH BELLS ,1421.99,388,44
GLITTER SNOW PEAR TREE DECORATION,667.81,1045,36
GLITTER STAR GARLAND WITH BELLS ,1628.85,443,36
GLOW IN DARK DOLPHINS,71.61,353,32
GOLD  CHERRY LIGHTS,517.25,87,20
GOLD 2 STRAND NECKLACE-LEAF CHARMS,7.5,1,1
GOLD APERITIF GLASS,105.48,124,3
GOLD CHRISTMAS STOCKING DECORATION,1.95,1,1
GOLD COSMETIC BAG PINK STAR,23.1,11,6
GOLD COSMETICS BAG WITH BUTTERFLY,14.7,7,3
GOLD DIAMANTE STAR BROOCH,19.8,4,2
GOLD EAR MUFF HEADPHONES,221.04,48,19
GOLD FABRIC MIRROR,149.21,345,16
GOLD FISHING GNOME,317.06,69,13
GOLD FLOWER CUSHION COVER ,6.75,1,2
GOLD JEWELERY BOX,27.650000000000002,7,1
GOLD M PEARL  ORBIT NECKLACE,69.64999999999999,7,4
GOLD M.O.P ORBIT BRACELET,14.850000000000001,3,2
GOLD M.O.P ORBIT DROP EARRINGS,29.75,7,4
GOLD MINI TAPE MEASURE ,682.75,951,34
GOLD MUG BONE CHINA TREE OF LIFE,873.3000000000001,625,43
GOLD PHOTO FRAME,461.46000000000004,323,23
GOLD PRINT PAPER BAG,35.72,188,9
GOLD SCROLL GLASS T-LIGHT HOLDER,157.5,75,7
GOLD STANDING GNOME,799.75,227,10
GOLD TEDDY BEAR,65.0,24,11
GOLD WASHBAG,118.00000000000003,40,8
GOLD WINE GLASS,998.82,294,1
GOLD WINE GOBLET,206.36,148,6
GOLD/AMBER DROP EARRINGS W LEAF,17.700000000000003,6,1
GOLD/M.O.P PENDANT ORBIT NECKLACE,68.0,8,5
GOLDIE LOOKING MIRROR,49.5,10,7
GOTHIC CARRIAGE LANTERN,11.9,2,2
GRAND CHOCOLATECANDLE,15898.15,12055,194
GRASS HOPPER WOODEN WALL CLOCK ,464.2,284,21
GREEN  DIAMANTE PEN IN GIFT BOX,334.05,211,11
GREEN  SPOTTY PLATE ,1520.1,954,55
GREEN 3 PIECE MINI DOTS CUTLERY SET,5011.86,1406,98
GREEN 3 PIECE POLKADOT CUTLERY SET,4871.1,1362,72
GREEN 3 TIER GLASS PLATE STAND,412.4,56,14
GREEN BIRDHOUSE DECORATION,300.06,510,31
GREEN BITTY LIGHT CHAIN,173.91,83,12
GREEN BLUE FLOWER PIGGY BANK,386.54999999999995,207,12
GREEN CAT FLORAL CUSHION COVER ,318.75,245,5
GREEN CHENILLE SHAGGY C/COVER,1.95,1,1
GREEN CHENILLE SHAGGY RUG,126.85,43,2
GREEN CHERRY LIGHTS,1188.15,213,34
GREEN CHRISTMAS TREE CARD HOLDER,3505.67,1233,124
GREEN CHRISTMAS TREE STRING 20LIGHT,1615.15,355,39
GREEN CRYSTAL DROP EARRINGS,17.700000000000003,6,1
GREEN DRAWER KNOB ACRYLIC EDWARDIAN,1920.21,1593,52
GREEN DROP EARRINGS W BEAD CLUSTER,6.7,2,1
GREEN EASTER EGG HUNT START POST,115.05,59,13
GREEN ENAMEL FLOWER HAIR TIE,2.9499999999999993,1,2
GREEN ENAMEL FLOWER RING,147.50000000000003,50,7
GREEN ENAMEL+GLASS HAIR COMB,434.70000000000005,239,6
GREEN FERN JOURNAL ,766.3599999999999,415,51
GREEN FERN NOTEBOOK,166.64999999999998,101,30
GREEN FERN POCKET BOOK,94.35,111,19
GREEN FERN SKETCHBOOK ,734.81,282,43
GREEN FLORAL FELTCRAFT SHOULDER BAG,108.75,29,11
GREEN GEISHA GIRL ,101.25,27,10
GREEN GIANT GARDEN THERMOMETER,1332.8,224,56
GREEN GINGHAM FLOWER JEWELLERY BOX,1279.05,781,96
GREEN GLASS TASSLE BAG CHARM,23.6,8,4
GREEN GOOSE FEATHER CHRISTMAS TREE ,572.25,175,22
GREEN GOOSE FEATHER TREE 60CM,388.05,199,23
GREEN HEART COMPACT MIRROR,178.75,135,10
GREEN HEART OF GLASS BRACELET,53.55,9,4
GREEN JUICY FRUIT PHOTO FRAME,674.85,271,22
GREEN KASHMIRI BOXED MIRROR,276.0,23,1
GREEN KASHMIRI OCCASIONAL TABLE,419.85,9,3
GREEN LEAVES AND BEADS PHONE CHARM,1.25,1,1
GREEN METAL BOX ARMY SUPPLIES,2694.39,341,41
GREEN METAL BOX TOP SECRET,99.0,12,2
GREEN METAL SWINGING BUNNY,435.47999999999996,516,43
GREEN MINI TAPE MEASURE ,1088.65,1371,27
GREEN MURANO TWIST BRACELET,170.0,40,6
GREEN MURANO TWIST NECKLACE,129.35,13,6
GREEN PAIR HEART HAIR SLIDES,15.0,4,2
GREEN PENDANT TRIPLE SHELL NECKLACE,14.850000000000001,3,1
GREEN PEONY CUSHION COVER,363.35,239,5
GREEN PEONY DES C/COVER,27.900000000000002,6,3
GREEN PICNIC BARBECUE BUCKET,265.65,39,10
GREEN POLKADOT BOWL,1433.0,1200,64
GREEN POLKADOT CUP,85.0,100,6
GREEN POLKADOT PLATE ,1345.94,850,46
GREEN POP ART MAO CUSHION COVER ,37.050000000000004,195,11
GREEN REGENCY TEACUP AND SAUCER,17157.440000000002,6232,234
GREEN ROSE CUSHION COVER,298.15,151,8
GREEN ROSE QUILT ,177.8,4,4
GREEN ROSE WASHBAG,2032.5,822,41
GREEN ROUND COMPACT MIRROR,162.5,122,6
GREEN SPOTTY BOWL,1258.96,1040,68
GREEN SPOTTY CUP,1204.68,1476,73
GREEN SQUARE COMPACT MIRROR,95.0,76,7
GREEN STONE/CRYSTAL EARRINGS,5.9,2,2
GREEN SWEETHEART BRACELET,420.75,99,16
GREEN VINTAGE EARRINGS ,67.5,18,5
GREEN VINTAGE SPOT BEAKER,4019.77,4220,74
GREEN WIRE GOBLET CANDLEHOLDER,47.7,6,4
GREEN WIRE STANDING CANDLE HOLDER,108.75,29,12
GREEN WITH METAL BAG CHARM,44.550000000000004,9,3
GREEN/BLUE CERAMIC CANDLE HOLDER,21.45,13,4
GREEN/BLUE FLOWER DESIGN BIG MUG,10.53,15,7
"GREETING CARD, BLACKPOOL ROCK",2.2800000000000002,12,1
"GREETING CARD, OVERCROWDED POOL.",42.75000000000001,225,20
"GREETING CARD, RITA",30.780000000000005,162,14
"GREETING CARD, STICKY GORDON",22.990000000000002,121,9
"GREETING CARD, THE BLACK CAT",5.04,12,1
"GREETING CARD, TWO SISTERS.",22.610000000000003,119,11
"GREETING CARD,SQUARE, DOUGHNUTS",71.36,166,12
GREY ACRYLIC FACETED BANGLE,91.95,45,7
GREY FLORAL FELTCRAFT SHOULDER BAG,2175.3,594,95
GREY HEART HOT WATER BOTTLE,14811.42,3987,243
GROOVY CACTUS INFLATABLE,98.8,238,17
GROW A FLYTRAP OR SUNFLOWER IN TIN,14633.050000000001,13829,102
GROW YOUR OWN BASIL IN ENAMEL MUG,3162.2000000000003,1522,147
GROW YOUR OWN FLOWERS SET OF 3,2986.2599999999998,582,72
GROW YOUR OWN HERBS SET OF 3,2823.3900000000003,369,99
GROW YOUR OWN PLANT IN A CAN ,6081.28,5000,110
GUMBALL COAT RACK,21377.93,9467,207
"GUMBALL COATHOOK., BLACK & WHITE ",3.75,3,2
GUMBALL MAGAZINE RACK,3873.1400000000003,532,93
GUMBALL MONOCHROME COAT RACK,1130.04,1008,42
GYMKHANA TREASURE BOOK BOX,2609.63,1258,67
GYMKHANNA TREASURE BOOK BOX,138.56,64,7
HAIRCLIPS FORTIES FABRIC ASSORTED,741.07,1259,58
HALL CABINET WITH 3 DRAWERS,3963.64,117,8
HAND OPEN SHAPE BLACK,46.45,13,5
HAND OPEN SHAPE DECO.WHITE,1846.6200000000001,660,44
HAND OPEN SHAPE GOLD,1390.18,498,30
HAND OPEN SHAPE PINK,0.0,0,1
HAND OVER THE CHOCOLATE   SIGN ,23346.04,12462,233
HAND PAINTED HANGING EASTER EGG,4.2,10,1
HAND TOWEL PALE BLUE W FLOWERS,388.35,193,16
HAND TOWEL PINK FLOWER AND DAISY,293.25,193,10
HAND WARMER BABUSHKA DESIGN,7640.88,5166,184
HAND WARMER BIRD DESIGN,16922.530000000002,8462,264
HAND WARMER OWL DESIGN,21068.780000000002,10514,303
HAND WARMER RED LOVE HEART,5801.400000000001,2854,159
HAND WARMER RED POLKA DOT,4386.0,2340,19
HAND WARMER RED RETROSPOT,11071.52,5543,217
HAND WARMER SCOTTY DOG DESIGN,18558.960000000003,9310,277
HAND WARMER UNION JACK,11420.460000000001,5685,245
HANGING  BUTTERFLY T-LIGHT HOLDER,1142.8799999999999,1002,34
HANGING BAUBLE T-LIGHT HOLDER LARGE,409.35,145,20
HANGING BAUBLE T-LIGHT HOLDER SMALL,608.1,266,22
HANGING BUTTERFLY  EGG,589.29,741,28
HANGING CHICK  YELLOW DECORATION,1114.0,808,42
HANGING CHICK CREAM DECORATION,1025.1499999999999,707,35
HANGING CHICK GREEN DECORATION,678.5999999999999,468,28
HANGING CLEAR MINI BOTTLE,692.5400000000001,1178,20
HANGING ENGRAVED METAL HEART,647.4000000000001,156,35
HANGING FAIRY CAKE DECORATION,2530.64,1462,27
"HANGING FLOWERS+MIRROR,BLUE",172.90000000000003,455,2
"HANGING FLOWERS+MIRROR,CLEAR",70.32,150,4
"HANGING FLOWERS+MIRROR,PINK",118.56,312,1
HANGING GLASS ETCHED TEALIGHT,949.7999999999998,580,43
HANGING HEART BASKET,208.44000000000003,118,7
HANGING HEART BONHEUR,273.97999999999996,326,25
HANGING HEART JAR T-LIGHT HOLDER,15224.84,13231,232
HANGING HEART MIRROR DECORATION ,1082.5,1670,56
HANGING HEART WITH BELL,1275.28,2630,59
HANGING HEART ZINC T-LIGHT HOLDER,14584.49,18977,294
HANGING HEN ON NEST DECORATION,808.4999999999999,490,41
HANGING JAM JAR T-LIGHT HOLDER,15413.68,20053,204
HANGING JAM JAR T-LIGHT HOLDERS,1540.93,2029,38
HANGING MEDINA LANTERN LARGE,1805.25,608,23
HANGING MEDINA LANTERN SMALL,1575.15,645,51
HANGING METAL BIRD BATH,1400.1,183,48
HANGING METAL CHICKEN DECORATION,60.0,48,7
HANGING METAL HEART LANTERN,6644.219999999999,4310,202
HANGING METAL RABBIT DECORATION,358.75,287,16
HANGING METAL STAR LANTERN,4027.7699999999995,2697,137
HANGING MINI COLOURED BOTTLES,1679.5500000000002,2861,35
HANGING PHOTO CLIP ROPE LADDER,1767.2799999999997,1124,35
HANGING QUILTED PATCHWORK APPLES,584.02,710,41
HANGING RIDGE GLASS T-LIGHT HOLDER,1145.04,744,26
HANGING SPRING FLOWER EGG LARGE,876.29,1097,45
HANGING SPRING FLOWER EGG SMALL,396.22,870,37
HANGING SPRING FLOWER HEART SMALL,1.3,2,1
HANGING WOOD AND FELT BUTTERFLY ,302.88,728,49
HANGING WOOD AND FELT FLOWER,212.22,1330,36
HANGING WOOD AND FELT HEART,198.06,475,44
HAPPY ANNIVERSARY CANDLE LETTERS,46.08,120,5
HAPPY BIRTHDAY CARD STRIPEY TEDDY,0.95,5,1
HAPPY BIRTHDAY GINGER CAT CARD,0.38,2,1
HAPPY EASTER HANGING DECORATION,1692.6299999999999,465,62
HAPPY STENCIL CRAFT,5133.41,4482,151
HARDMAN MUG 3 ASSORTED,21.45,55,8
HAWAIIAN GRASS SKIRT ,726.51,529,32
HEADS AND TAILS SPORTING FUN,2309.28,2053,140
HEART BEADED TRELLIS DECORATION,253.76000000000002,122,18
HEART BUTTONS JEWELLERY BOX,168.3,22,13
HEART CALCULATOR,1656.2,1428,80
HEART DECORATION PAINTED ZINC ,3086.55,5163,119
HEART DECORATION RUSTIC HANGING ,978.83,3283,68
HEART DECORATION WITH PEARLS ,2706.08,3211,118
HEART EAR MUFF HEADPHONES,516.36,104,11
HEART FILIGREE DOVE  SMALL,13705.35,11475,203
HEART FILIGREE DOVE LARGE,8818.169999999998,5513,186
HEART GARLAND RUSTIC PADDED,1523.6000000000001,538,43
HEART IVORY TRELLIS LARGE,9527.23,5967,190
HEART IVORY TRELLIS SMALL,9905.34,8194,189
HEART MEASURING SPOONS LARGE,19.799999999999997,12,1
HEART MEASURING SPOONS SMALL,10.2,12,1
HEART MINI PORTRAIT FRAME,756.9,390,49
HEART MIRROR ANTIQUE WHITE,1886.6399999999999,300,44
HEART OF WICKER LARGE,35719.450000000004,12155,354
HEART OF WICKER SMALL,32002.89,19108,402
HEART SHAPE BUTTON FRAME ,120.0,80,5
HEART SHAPE WIRELESS DOORBELL,1201.26,647,28
HEART SHAPED HOLLY WREATH,2812.6800000000003,672,75
HEART SHAPED MIRROR,2215.04,1424,59
HEART STRING MEMO HOLDER HANGING,864.82,526,46
HEART T-LIGHT HOLDER,606.9100000000001,1169,25
HEART T-LIGHT HOLDER ,613.8499999999999,425,35
HEART T-LIGHT HOLDER WILLIE WINKIE,900.2399999999999,544,55
HEART TRELLIS TRIPLE T-LIGHT HOLDER,233.16,84,12
HEART TRELLISTRIPLE T-LIGHT HOLDER,129.12,48,4
HEART WOODEN CHRISTMAS DECORATION,2518.08,2934,145
HEART WREATH DECORATION WITH BELL,1988.88,1704,64
HEARTS  STICKERS,1132.1299999999999,1331,80
HEARTS GIFT TAPE,394.24,1016,49
HEARTS PENCIL/RUBBER+5 MINI PENCILS,55.86,133,5
HEARTS WRAPPING TAPE ,160.73000000000002,265,18
HEAVENS SCENT FRAGRANCE OILS ASSTD,209.16,900,10
HELLO SAILOR BATHROOM SET,139.85,39,14
HELLO SAILOR BLUE SOAP HOLDER,394.89,249,31
HEN & 2 CHICKS IN BASKET,19.549999999999997,23,4
HEN HOUSE DECORATION,2445.8999999999996,1602,80
HEN HOUSE W CHICK IN NEST,26.46,63,9
HEN HOUSE W CHICK STANDING,116.22,291,12
HEN HOUSE W FAMILY IN BARN & NEST,46.41,63,11
HEN HOUSE WITH CHICK STANDING,0.42,1,1
HEN PARTY BANNER TAPE,15.0,12,1
HEN PARTY CORDON BARRIER TAPE,110.0,88,15
HENRIETTA HEN MUG ,315.15,191,21
HERB MARKER BASIL,708.85,1109,75
HERB MARKER CHIVES ,623.7,978,65
HERB MARKER MINT,712.1,1114,74
HERB MARKER PARSLEY,680.25,1065,74
HERB MARKER ROSEMARY,721.85,1129,78
HERB MARKER THYME,680.25,1065,74
HI TEC ALPINE HAND WARMER,697.74,758,50
HILDA CANDY SPOT RABBIT,266.25,71,19
HIPPY CHIC DECORATIVE PARASOL,730.8000000000001,136,16
HOLIDAY FUN LUDO,4369.46,1251,136
HOLLY TOP CHRISTMAS STOCKING,465.32,500,33
HOLLYHOCK SQUARE HANDY TIN,1.25,1,1
HOME BUILDING BLOCK WORD,30171.11,5157,303
HOME GARLAND PAINTED ZINC ,863.8499999999999,743,55
HOME SMALL WOOD LETTERS,2867.4500000000003,579,99
HOME SWEEET HOME 3 PEG HANGER ,33.75,9,2
HOME SWEET HOME  BLACKBOARD,-6.35,-1,1
HOME SWEET HOME 2 DRAWER CABINET,677.6,144,29
HOME SWEET HOME 3 PEG HANGER ,806.6700000000001,221,33
HOME SWEET HOME BLACKBOARD,3054.23,756,67
HOME SWEET HOME BOTTLE ,556.0,274,31
HOME SWEET HOME CUSHION COVER ,1740.0,464,87
HOME SWEET HOME HANGING HEART,1067.03,1259,92
HOME SWEET HOME HOOK,308.99999999999994,256,32
HOME SWEET HOME KEY HOLDER,1861.0400000000002,388,42
HOME SWEET HOME METAL SIGN ,12665.69,4727,187
HOME SWEET HOME MUG,12468.74,11426,181
HOMEMADE JAM SCENTED CANDLES,14422.05,9969,228
"HOOK, 1 HANGER ,MAGIC GARDEN",2813.0,3488,82
"HOOK, 3 HANGER ,MAGIC GARDEN",2571.8999999999996,1426,56
"HOOK, 5 HANGER , MAGIC TOADSTOOL",3679.1999999999994,2368,84
"HOOK, 5 HANGER ,MAGIC TOADSTOOL RED",4080.2999999999997,2694,60
HORSE & PONY WALL ART,684.8100000000001,226,11
HOT BATHS METAL SIGN,19568.07,10120,177
HOT BATHS SOAP HOLDER,1937.22,1194,77
HOT STUFF HOT WATER BOTTLE,1344.9,432,45
HOT WATER BOTTLE BABUSHKA ,10864.1,2426,138
HOT WATER BOTTLE BABUSHKA LARGE,376.2,84,7
HOT WATER BOTTLE I AM SO POORLY,14333.130000000001,3101,227
HOT WATER BOTTLE KEEP CALM,17626.050000000003,3875,295
HOT WATER BOTTLE SEX BOMB,1430.45,337,56
HOT WATER BOTTLE TEA AND SYMPATHY,25822.47,6617,295
HOUSE SHAPE PENCIL SHARPENER,304.29,2394,36
HOUSE WRECKING METAL SIGN ,673.2,467,60
HYACINTH BULB T-LIGHT CANDLES,897.4799999999999,2258,50
High Resolution Image,24.0,2,2
I CAN ONLY PLEASE ONE PERSON MUG,5046.64,4196,131
I LOVE LONDON BABY GIFT SET,2186.8999999999996,142,26
I LOVE LONDON BEAKER,862.25,717,40
I LOVE LONDON WALL ART,29.700000000000003,6,1
I'M ON HOLIDAY METAL SIGN,6910.750000000001,3356,190
ICE CREAM BUBBLES,1471.1699999999998,1799,59
ICE CREAM DESIGN GARDEN PARASOL,1535.35,333,38
ICE CREAM PEN LIP GLOSS ,5377.71,4407,101
ICE CREAM SUNDAE LIP GLOSS,6553.16,5428,120
"ICON ALARM CLOCK,FUSCHIA  PIN UP",5.1,2,1
ICON MUG REVOLUTIONARY,226.68,568,31
ICON PLACEMAT POP ART ELVIS,132.36,863,17
IF YOU CAN'T STAND THE HEAT MUG,1782.33,1485,64
ILLUSTRATED CAT BOWL ,3895.7099999999996,1477,58
INFLATABLE POLITICAL GLOBE ,4810.22,6076,96
INLAID WOOD INCENSE HOLDER,326.34999999999997,1415,12
IVORY CAFE HANGING LAMP ,893.2,77,23
IVORY CHANDELIER T-LIGHT HOLDER,473.25,189,19
IVORY DINER WALL CLOCK,8143.0,989,160
IVORY EMBROIDERED QUILT ,569.85,15,9
IVORY ENCHANTED FOREST PLACEMAT,1129.35,699,41
IVORY FELT EASTER RABBIT GARLAND,73.94999999999999,29,9
IVORY GIANT GARDEN THERMOMETER,2373.4500000000003,411,81
IVORY GOLD METAL BAG CHARM,34.77,5,2
IVORY HANGING BIRD PLANTER ,450.75,181,21
IVORY HANGING DECORATION  BIRD,1160.53,1369,76
IVORY HANGING DECORATION  BUTTERFLY,737.51,875,46
IVORY HANGING DECORATION  CHICKEN,81.6,96,11
IVORY HANGING DECORATION  EGG,304.22999999999996,579,34
IVORY HANGING DECORATION  HEART,5722.73,7085,143
IVORY HANGING DECORATION  RABBIT,15.299999999999999,18,1
IVORY KITCHEN SCALES,17229.53,2087,288
IVORY KNITTED MUG COSY ,1075.29,681,30
IVORY LOVE BIRD CANDLE,620.24,594,42
IVORY PANTRY HANGING LAMP ,25.0,2,1
IVORY PAPER CUP CAKE CASES ,920.69,1769,68
IVORY PENDANT TRIPLE SHELL NECKLACE,14.850000000000001,3,1
IVORY PILLAR CANDLE GOLD FLOCK,1357.0,892,28
IVORY PILLAR CANDLE SILVER FLOCK,1238.42,782,41
IVORY REFECTORY CLOCK,1388.95,149,43
IVORY RETRO KITCHEN WALL CLOCK,478.0,60,21
IVORY ROSE LAMPSHADE ,18.0,18,3
IVORY SCULPTED RND CANDLE ,45.9,54,6
IVORY SHELL HEART EARRINGS,5.1,2,1
IVORY SHELL HEART NECKLACE,184.42,34,7
IVORY STRING CURTAIN WITH POLE ,992.4,472,22
IVORY SWEETHEART SOAP DISH,273.90000000000003,110,24
IVORY SWEETHEART WIRE LETTER RACK ,1488.51,405,68
IVORY WALL CLOCK,459.0,60,1
IVORY WICKER HEART LARGE,2145.2999999999997,1306,118
IVORY WICKER HEART MEDIUM,1626.15,1311,107
IVORY WICKER HEART SMALL,870.48,1400,50
IVORY WIRE KITCHEN ORGANISER,847.7,88,17
IVORY WIRE SWEETHEART LETTER TRAY,350.8,96,27
IVY HEART WREATH,1597.2,248,43
JACOBS LADDER SMALL,86.76,1446,25
JADE CRYSTAL+GLASS BRACELET,89.1,18,7
JADE DROP EARRINGS W FILIGREE,207.9,42,5
JADE GREEN ENAMEL HAIR COMB,54.599999999999994,28,4
JADE GREEN PAIR ENAMEL HAIR SLIDES,3.75,1,1
JAM CLOCK MAGNET,535.02,204,30
JAM JAR WITH BLUE LID,17.28,24,1
JAM JAR WITH GREEN LID,2010.68,2555,110
JAM JAR WITH PINK LID,2481.7799999999997,3149,119
JAM MAKING SET PRINTED,17255.7,12302,302
JAM MAKING SET WITH JARS,24807.22,6228,289
JAPANESE CROCHETED ANIMAL,1181.82,2975,50
JARDIN DE FEMME SCENTED CANDLE,149.65,139,7
JARDIN ETCHED GLASS BUTTER DISH,253.89999999999998,38,11
JARDIN ETCHED GLASS CANDLEHLDR LONG,237.60000000000002,48,9
JARDIN ETCHED GLASS CHEESE DISH,438.84999999999997,187,21
JARDIN ETCHED GLASS FRUITBOWL,557.75,93,24
JARDIN ETCHED GLASS GINGER JAR,182.85,23,10
JARDIN ETCHED GLASS LARGE BELL JAR,305.05,43,12
JARDIN ETCHED GLASS SMALL BELL JAR,316.5,70,13
JASMINE TEA INCENSE IN TIN,187.45,173,16
JASMINE VOTIVE CANDLE,259.9,1022,22
JAZZ HEARTS ADDRESS BOOK,653.48,2885,86
JAZZ HEARTS MAGNETIC MEMO PAD,78.65,121,8
JAZZ HEARTS MEMO PAD,272.2,1252,13
JAZZ HEARTS PURSE NOTEBOOK,2153.45,4319,105
JAZZ HEARTS SPIRAL NOTEPAD,13.6,16,4
JELLY BABIES YELLOW SMALL BOWL,346.39,299,29
JET BLACK LAS VEGAS BRACELET ROUND,22.5,6,3
JET BLACK LAS VEGAS NECKLACE 45CM,35.7,6,3
"JEWELLED DECORATION,BLUE",43.32,114,2
"JEWELLED DECORATION,PINK",2.95,1,1
JIGSAW RABBIT AND BIRDHOUSE,518.76,484,59
JIGSAW TOADSTOOLS 3 PIECE,659.65,581,50
JIGSAW TREE WITH BIRDHOUSE,1224.12,1104,77
JIGSAW TREE WITH WATERING CAN,415.10999999999996,792,50
JINGLE BELL HEART ANTIQUE GOLD,1081.95,511,48
JINGLE BELL HEART ANTIQUE SILVER,4887.2,2511,80
JINGLE BELL HEART DECORATION,3937.3499999999995,2395,123
JINGLE BELLS TREE DECORATION,345.54,215,14
JOY LARGE WOOD LETTERS,1751.1,318,32
JOY WOODEN BLOCK LETTERS,2287.9800000000005,514,95
JUMBO  BAG BAROQUE BLACK WHITE,41396.32,23051,271
JUMBO BAG 50'S CHRISTMAS ,13385.52,6764,245
JUMBO BAG ALPHABET,19499.98,10136,249
JUMBO BAG APPLES,21887.59,11470,246
JUMBO BAG CHARLIE AND LOLA TOYS,5310.8,2973,97
JUMBO BAG DOILEY PATTERNS,14608.44,7638,225
JUMBO BAG DOLLY GIRL DESIGN,8553.28,4516,165
JUMBO BAG OWLS,30836.03,17133,224
JUMBO BAG PAISLEY PARK,7474.4400000000005,3838,182
JUMBO BAG PEARS,10724.58,5511,187
JUMBO BAG PINK POLKADOT,37745.47,20622,263
JUMBO BAG PINK VINTAGE PAISLEY,36020.54,20134,293
JUMBO BAG PINK WITH WHITE SPOTS,19777.8,11262,215
JUMBO BAG RED RETROSPOT,112177.17,62192,468
JUMBO BAG RED WHITE SPOTTY ,18800.7,10800,192
JUMBO BAG SCANDINAVIAN BLUE PAISLEY,12198.17,6474,159
JUMBO BAG SCANDINAVIAN PAISLEY,22179.1,12748,188
JUMBO BAG SPACEBOY DESIGN,24714.99,13586,268
JUMBO BAG STRAWBERRY,53863.23,30277,301
JUMBO BAG TOYS ,17195.01,9693,195
JUMBO BAG VINTAGE CHRISTMAS ,7226.78,3626,196
JUMBO BAG VINTAGE DOILEY ,266.36,142,5
JUMBO BAG VINTAGE DOILY ,17151.6,8800,263
JUMBO BAG VINTAGE LEAF,17804.05,9080,269
JUMBO BAG WOODLAND ANIMALS,24890.37,13496,235
JUMBO SHOPPER VINTAGE RED PAISLEY,35591.1,19184,353
JUMBO STORAGE BAG SKULLS,18826.04,10183,227
JUMBO STORAGE BAG SUKI,36878.48,20003,287
JUNGLE POPSICLES ICE LOLLY HOLDERS,1376.9,1138,59
JUNGLE POPSICLES ICE LOLLY MOULDS,804.91,644,49
KASBAH LANTERN WITH GLASS ,74.4,16,7
KASHMIR FOLKART HEART DISHES,3.38,2,2
KASHMIR FOLKART TUMBLERS,2490.6000000000004,1186,25
KEEP CALM BIRTHDAY WRAP,10.5,25,1
KEEP CALM WALL ART ,1729.92,232,10
KEEP OUT BOYS DOOR HANGER ,1275.57,1965,70
KEEP OUT GIRLS DOOR HANGER ,381.63,603,30
KENSINGTON COFFEE SET,1711.35,189,38
KEY CABINET MA CAMPAGNE,4102.04,544,51
"KEY FOB , BACK DOOR ",2303.57,3545,161
"KEY FOB , FRONT  DOOR ",2009.8400000000001,3210,136
"KEY FOB , GARAGE DESIGN",2123.23,3395,138
"KEY FOB , SHED",3275.19,5119,186
KEY RING BASEBALL BOOT ASSORTED ,1297.3,1058,51
KEY RING BASEBALL BOOT UNION JACK,1395.8,1204,45
KID'S CHALKBOARD/EASEL,14.75,5,2
KIDS CUTLERY DOLLY GIRL ,99.60000000000001,24,5
KIDS CUTLERY SPACEBOY ,99.60000000000001,24,5
KIDS RAIN MAC BLUE,1659.93,2155,75
KIDS RAIN MAC PINK,1336.18,1684,68
KINGS CHOICE BISCUIT TIN,5905.09,1357,133
KINGS CHOICE CIGAR BOX MATCHES ,2270.86,1886,97
KINGS CHOICE GIANT TUBE MATCHES,3915.9,1716,76
KINGS CHOICE MUG,5891.31,5357,125
KINGS CHOICE SMALL TUBE MATCHES,110.55,67,8
KINGS CHOICE TEA CADDY ,3651.4800000000005,1292,145
KISS REINDEER SCANDINAVIAN STOCKING,5.1,2,1
KITCHEN FLOWER POTS WALL PLAQUE,688.25,419,17
KITCHEN METAL SIGN,1976.8000000000002,3750,168
KITTENS DESIGN FLANNEL,498.78999999999996,851,33
KITTY PENCIL ERASERS,344.05,1665,55
KNEELING MAT HOUSEWORK  DESIGN,1558.6599999999999,1212,84
KNICKERBOCKERGLORY MAGNET ASSORTED ,1241.7,1566,54
KNITTED MUG COSY IVORY COLOUR ,666.8,452,11
KNITTED POM POM HOT WATER BOTTLE,18.75,5,2
KNITTED RABBIT DOLL ,39.599999999999994,24,5
KNITTED RAINBOW HOT WATER BOTTLE,67.5,18,3
KNITTED UNION FLAG HOT WATER BOTTLE,16565.89,4581,209
LA JARDIN BOTANIQUE CUSHION COVER,172.5,46,15
LA PALMIERA METAL SIGN CALENDAR,123.0,380,6
LA PALMIERA TILE COASTER,255.92,529,18
LA PALMIERA TILE HOOK,91.50000000000001,68,16
LA PALMIERA WALL THERMOMETER,523.25,40,14
LA STREGA CANVAS PICTURE ,82.94999999999999,49,4
LADIES & GENTLEMEN METAL SIGN,15475.38,6721,191
LADLE LOVE HEART PINK,271.74,695,25
LADLE LOVE HEART RED ,400.62,1043,33
LADS ONLY TISSUE BOX,2320.55,2265,51
LADYBIRD + BEE RAFFIA FOOD COVER,2320.35,629,82
LANDMARK FRAME BAKER STREET ,3717.85,335,17
LANDMARK FRAME CAMDEN TOWN ,5869.85,527,31
LANDMARK FRAME COVENT GARDEN ,4474.55,400,31
LANDMARK FRAME LONDON BRIDGE ,4266.7,383,27
LANDMARK FRAME NOTTING HILL ,4280.65,383,28
LANDMARK FRAME OXFORD STREET,4343.15,388,32
LANTERN CREAM GAZEBO ,4064.82,870,116
LARGE  TALL CAMPHOR WOOD TOADSTOOL ,303.2,88,18
LARGE ANTIQUE WHITE PHOTO FRAME,2651.51,387,60
LARGE APOTHECARY MEASURING JAR ,338.20000000000005,29,10
LARGE BLACK DIAMANTE HAIRSLIDE,6.6,4,1
LARGE BLUE ORIENTAL FOLDING STOOL,244.05,105,3
LARGE BLUE PROVENCAL CERAMIC BALL,146.94,77,7
LARGE BONNE JAM JAR  T-LIGHT HOLDER,526.98,202,5
LARGE CAKE STAND  HANGING STRAWBERY,11805.8,1490,105
LARGE CAKE STAND HANGING HEARTS,3605.17,491,61
LARGE CAKE TOWEL CHOCOLATE SPOTS,1662.1499999999999,685,27
LARGE CAKE TOWEL PINK SPOTS,2794.1,770,59
"LARGE CAKE TOWEL, CHOCOLATE SPOTS",541.95,81,27
LARGE CAMPHOR WOOD FIELD MUSHROOM ,226.55,67,14
LARGE CERAMIC TOP STORAGE JAR,3497.8499999999995,2257,105
LARGE CHINESE STYLE SCISSOR,1073.55,1367,23
LARGE CHUNKY GLASS ROMAN BOWL,376.95,149,12
LARGE CIRCULAR MIRROR MOBILE,7789.099999999999,8838,47
LARGE CRYSTAL DIAMANTE HAIRSLIDE,8.25,5,2
LARGE DECO JEWELLERY STAND,2290.3,191,47
LARGE ENGLISH ARBORETUM,1033.9,102,4
LARGE FIBRE OPTIC CHRISTMAS TREE,16.14,8,3
LARGE GLASS HEART TRINKET POT,-17.0,-4,1
LARGE GLASS ROSE SCENTED CANDLE ,15.9,2,1
LARGE GLASS SUNDAE DISH CLEAR,10.2,4,1
LARGE GREEN PEONY FOLDING STOOL,263.95,107,4
LARGE HANGING IVORY & RED WOOD BIRD,1562.48,2488,73
LARGE HEART FLOWERS HOOK   ,411.61,353,19
LARGE HEART MEASURING SPOONS,4816.62,2950,157
LARGE IVORY HEART WALL ORGANISER,4133.56,632,52
LARGE JEWELLERY STAND,37.5,3,2
LARGE MEDINA STAMPED METAL BOWL ,1395.06,291,60
LARGE MINT DIAMANTE HAIRSLIDE,14.85,9,3
LARGE PARLOUR FRAME,122.85,27,2
LARGE PARLOUR PICTURE FRAME,291.6,60,19
LARGE PINK GLASS SUNDAE DISH,559.83,689,36
LARGE PINK PEONY FOLDING STOOL,246.15,106,3
LARGE POPCORN HOLDER ,7437.999999999999,4740,113
LARGE PURPLE BABUSHKA NOTEBOOK  ,1850.3100000000002,1883,95
LARGE RED BABUSHKA NOTEBOOK ,2181.37,2044,106
LARGE RED RETROSPOT WINDMILL,3807.6000000000004,1986,68
LARGE RED SPOT WINDMILL,888.0000000000001,470,16
LARGE ROUND CUTGLASS CANDLESTICK,697.35,109,11
LARGE ROUND WICKER PLATTER ,1255.45,211,58
LARGE SILVER BALUSTRADE CANDLESTICK,-5.95,-1,1
LARGE SKULL WINDMILL,239.40000000000003,114,22
LARGE STRAWBERRY CHOCOLATE CANDLE,63.15,37,3
LARGE STRIPES CHOCOLATE GIFT BAG,861.1700000000001,825,32
LARGE TAHITI BEACH BAG,645.25,115,27
LARGE TORTILLA DESIGN RED BOWL,590.3999999999999,326,16
LARGE TRIFLE DESIGN L BLUE BOWL,386.4,224,9
LARGE WHITE HEART OF WICKER,5337.05,1921,197
LARGE WHITE HONEYCOMB PAPER BELL  ,1470.0600000000002,775,51
LARGE WHITE/PINK ROSE ART FLOWER,637.63,459,18
LARGE YELLOW BABUSHKA NOTEBOOK ,943.6,846,76
LARGE ZINC GLASS CANDLEHOLDER,108.78,46,7
LARGE ZINC HEART WALL ORGANISER,6209.58,1038,19
LARGE ZINC/GLASS CANDLEHOLDER,27.300000000000004,13,3
LASER CUT MULTI STRAND NECKLACE,23.9,2,2
LAUNDRY 15C METAL SIGN,5934.74,4253,172
LAUREL HEART ANTIQUE GOLD,437.26,377,18
LAUREL HEART ANTIQUE SILVER,1094.5,912,31
LAUREL STAR ANTIQUE GOLD,285.81,228,20
LAUREL STAR ANTIQUE SILVER ,300.85,241,26
LAVENDER INCENSE 40 CONES IN TIN,92.05,89,12
LAVENDER INCENSE IN TIN,608.35,1214,43
LAVENDER SCENT CAKE CANDLE,328.81,1445,10
LAVENDER SCENTED FABRIC HEART,3444.18,2810,134
LAVENDER SCENTED SET/9 T-LIGHTS,656.0,836,56
LAVENDER TOILETTE BOTTLE,583.0400000000001,287,30
LAZER CUT NECKLACE W PASTEL BEADS,412.8,56,4
LE GRAND TRAY CHIC SET,1112.5,89,35
LE JARDIN BOTANIQUE CUSHION COVER,1284.48,344,64
LEAVES MAGNETIC  SHOPPING LIST,34.8,24,2
LED TEA LIGHTS,1095.46,394,33
LEOPARD PRINT HOT WATER BOTTLE,130.8,40,9
LETS GO SHOPPING COTTON TOTE BAG,807.17,367,61
"LETTER ""A"" BLING KEY RING",112.23,99,12
"LETTER ""B"" BLING KEY RING",41.25,33,10
"LETTER ""C"" BLING KEY RING",105.31,95,13
"LETTER ""D"" BLING KEY RING",49.73,49,6
"LETTER ""E"" BLING KEY RING",78.48,72,15
"LETTER ""F"" BLING KEY RING",11.54,10,3
"LETTER ""G"" BLING KEY RING",49.04,40,7
"LETTER ""H"" BLING KEY RING",36.54,30,7
"LETTER ""I"" BLING KEY RING",33.75,27,4
"LETTER ""J"" BLING KEY RING",75.0,60,10
"LETTER ""K"" BLING KEY RING",95.02,86,13
"LETTER ""L"" BLING KEY RING",84.73,77,9
"LETTER ""M"" BLING KEY RING",72.5,58,11
"LETTER ""N"" BLING KEY RING",41.54,34,7
"LETTER ""O"" BLING KEY RING",16.25,13,4
"LETTER ""P"" BLING KEY RING",42.23,43,9
"LETTER ""R"" BLING KEY RING",36.54,30,6
"LETTER ""S"" BLING KEY RING",97.23,87,13
"LETTER ""T"" BLING KEY RING",33.75,27,4
"LETTER ""U"" BLING KEY RING",1.25,1,1
"LETTER ""V"" BLING KEY RING",7.5,6,3
"LETTER ""W"" BLING KEY RING",1.25,1,1
"LETTER ""Y"" BLING KEY RING",3.75,3,2
"LETTER ""Z"" BLING KEY RING",6.25,5,4
LETTER HOLDER HOME SWEET HOME,1661.56,510,52
LETTER SHAPE PENCIL SHARPENER,235.98,2990,35
LIBRARY LAMP,406.0,20,10
LIGHT BIRD HOUSE TREE DECORATION,319.49,473,36
LIGHT DECORATION BATTERY OPERATED,8.4,4,1
LIGHT GARLAND BUTTERFILES PINK,5095.09,1365,61
LIGHT PINK CHERRY LIGHTS,4815.150000000001,837,75
LIGHT PINK FLOCK GLASS CANDLEHOLDER,251.82,656,5
LIGHTHOUSE PRINTED METAL SIGN,287.1,58,8
LILAC DIAMANTE PEN IN GIFT BOX,612.92,358,19
LILAC FLOWER BLOCK TABLE LAMP,171.10000000000002,58,2
LILAC GAUZE BUTTERFLY LAMPSHADE,20.580000000000002,49,9
LILAC VOTIVE CANDLE,20.16,96,4
LILLIES CANVAS PICTURE,178.2,108,2
LILY BROOCH AMETHYST COLOUR,188.10000000000002,38,10
LILY BROOCH OLIVE COLOUR,89.10000000000001,18,9
LION SOCK PUPPET,56.050000000000004,19,7
LIPSTICK PEN BABY PINK,515.6899999999999,1239,57
LIPSTICK PEN FUSCHIA,908.36,2224,77
LIPSTICK PEN RED,1684.32,4011,97
LITTLE FLOWER SHOPPER BAG,0.0,0,1
LITTLE GREEN MONSTER SOFT TOY,78.75,33,13
LITTLE PINK MONSTER SOFT TOY,91.5,38,13
LOCAL CAFE MUG,1496.46,938,47
LOLITA  DESIGN  COTTON TOTE BAG,948.65,785,42
LONDON BUS COFFEE MUG,7846.95,3499,109
LONG SILVER NECKLACE PASTEL FLOWER,165.75,13,7
LOO ROLL  METAL SIGN ,390.29999999999995,238,31
LOUVRE CHALKBOARD,275.85,44,3
LOUVRE VANITY MIRROR,637.95,127,4
LOVE BUILDING BLOCK WORD,21024.91,3587,290
LOVE GARLAND PAINTED ZINC ,1781.7499999999998,1147,53
LOVE HEART NAPKIN BOX ,1913.5,454,78
LOVE HEART POCKET WARMER,2719.17,3547,86
LOVE HEART SOCK HANGER,1824.9999999999998,1164,61
LOVE HEART TRINKET POT,1587.8999999999999,1918,91
LOVE HOT WATER BOTTLE,10283.800000000001,1864,189
LOVE LARGE WOOD LETTERS ,3958.05,323,91
LOVE POTION MASALA INCENSE,42.42,202,9
LOVE SEAT ANTIQUE WHITE METAL,2592.5,24,15
LOVEBIRD HANGING DECORATION WHITE ,4759.599999999999,5728,185
LOVELY BONBON STICKER SHEET,445.53999999999996,526,37
LUNCH BAG  BLACK SKULL.,27928.15,17643,372
LUNCH BAG ALPHABET DESIGN,9788.96,6144,266
LUNCH BAG APPLE DESIGN,15793.95,10035,278
LUNCH BAG CARS BLUE,24420.98,15446,378
LUNCH BAG DOILEY PATTERN ,8811.85,5549,215
LUNCH BAG DOLLY GIRL DESIGN,11974.84,7636,255
LUNCH BAG PAISLEY PARK  ,4596.2,2908,170
LUNCH BAG PINK POLKADOT,15024.3,9442,314
LUNCH BAG PINK POLKADOTS,16.5,10,1
LUNCH BAG PINK RETROSPOT,10288.6,6516,222
LUNCH BAG RED RETROSPOT,26718.55,16911,376
LUNCH BAG RED SPOTTY,19319.65,12449,278
LUNCH BAG RED VINTAGE DOILY,2208.35,1399,96
LUNCH BAG SPACEBOY DESIGN ,21379.45,13369,406
LUNCH BAG SUKI  DESIGN ,13973.85,8761,254
LUNCH BAG SUKI DESIGN ,12405.35,7735,268
LUNCH BAG VINTAGE DOILEY ,115.5,70,4
LUNCH BAG VINTAGE DOILY ,9042.91,5635,235
LUNCH BAG VINTAGE LEAF DESIGN,8824.1,5502,229
LUNCH BAG WOODLAND,23518.46,14822,329
LUNCH BOX I LOVE LONDON,23962.57,13763,169
LUNCH BOX WITH CUTLERY FAIRY CAKES ,2620.95,1085,80
LUNCH BOX WITH CUTLERY RETROSPOT ,10474.39,4449,185
LUNCHBAG PINK RETROSPOT,150.15,91,9
LUNCHBAG SPACEBOY DESIGN ,798.2,508,30
LUNCHBAG SUKI  DESIGN ,448.6,284,17
LUNCHBOX WITH CUTLERY FAIRY CAKES ,2651.7,1150,57
LUNCHBOX WITH CUTLERY RETROSPOT ,2106.45,879,75
LUSH GREENS RIBBONS,1770.3600000000001,1440,129
M/COLOUR POM-POM CURTAIN,21.25,5,2
MA CAMPAGNE 4 DRAWER WALL SHELF,417.5,58,8
MA CAMPAGNE CUTLERY BOX,5517.75,381,61
MA CAMPAGNE MINI WOODEN CHEST,574.8,135,9
MADRAS NOTEBOOK LARGE ,576.25,315,19
MADRAS NOTEBOOK MEDIUM,561.15,609,37
MAGAZINE RACK GEBRA ASSORTED ,225.5,166,6
MAGIC DRAWING SLATE BAKE A CAKE ,958.9200000000001,2554,85
MAGIC DRAWING SLATE BUNNIES ,1007.76,2612,117
MAGIC DRAWING SLATE CIRCUS PARADE  ,1561.14,3717,135
MAGIC DRAWING SLATE DINOSAUR,1015.14,2417,125
MAGIC DRAWING SLATE DOLLY GIRL ,2477.04,6112,151
MAGIC DRAWING SLATE FIDO,80.64,192,4
MAGIC DRAWING SLATE GO TO THE FAIR ,477.84000000000003,1196,57
MAGIC DRAWING SLATE LEAP FROG ,801.96,2170,76
MAGIC DRAWING SLATE PURDEY,2367.36,6140,127
MAGIC DRAWING SLATE SPACEBOY ,2774.94,6751,185
MAGIC GARDEN FELT GARLAND ,274.38,134,16
MAGIC GARDEN MOUNT FUJI,206.54999999999998,81,14
MAGIC SHEEP WOOL GROWING FROM PAPER,1615.0,1046,64
MAGIC SLATE BAKE A CAKE ,20.16,48,1
MAGIC SLATE BUNNIES AT HOME ,60.480000000000004,144,3
MAGIC SLATE CIRCUS PARADE  ,20.16,48,1
MAGIC SLATE DINOSAUR,20.16,48,1
MAGIC SLATE DOLLY GIRL ,60.480000000000004,144,3
MAGIC SLATE FIDO,100.8,240,5
MAGIC SLATE GO TO THE FAIR ,20.16,48,1
MAGIC SLATE LEAP FROG ,40.32,96,2
MAGIC SLATE SPACEBOY ,60.480000000000004,144,3
MAGIC TREE -PAPER FLOWERS,1180.6499999999999,1389,49
MAGNETS PACK OF 4 CHILDHOOD MEMORY,2576.5,2198,91
MAGNETS PACK OF 4 HOME SWEET HOME,1458.83,1776,91
MAGNETS PACK OF 4 RETRO PHOTO,1100.03,1431,72
MAGNETS PACK OF 4 SWALLOWS,2454.85,2902,148
MAGNETS PACK OF 4 VINTAGE COLLAGE,1582.13,1946,93
MAGNETS PACK OF 4 VINTAGE LABELS ,719.0,1136,79
MAKE YOUR OWN FLOWERPOWER CARD KIT,2084.98,862,91
MAKE YOUR OWN MONSOON CARD KIT,1988.8700000000001,837,94
MAKE YOUR OWN PLAYTIME CARD KIT,1450.9600000000003,688,74
MAN FLU METAL SIGN,5190.4800000000005,2683,119
MANHATTAN CANVAS ART PICTURE,87.8,20,2
MARAKESH LANTERN LARGE,424.79999999999995,24,7
MARAKESH LANTERN SMALL ,788.85,186,4
MARIE ANTOIENETT TRINKET BOX GOLD,12.5,1,1
MARIE ANTOINETTE TRINKET BOX GOLD,583.6,224,8
MARIE ANTOINETTE TRINKET BOX SILVER,515.0,238,12
MAXWELL 2 TONE BLUE 60 PAGE PHOTO A,109.94999999999999,57,4
MAXWELL 2 TONE PINK 60 PAGE PHOTO A,97.85,49,2
MEASURING TAPE BABUSHKA BLUE,1288.5,462,38
MEASURING TAPE BABUSHKA PINK,1671.8000000000002,600,61
MEASURING TAPE BABUSHKA RED,1538.3,554,46
MEASURING TAPE RUSSIAN DOLL BLUE,185.85000000000002,63,14
MEASURING TAPE RUSSIAN DOLL PINK,303.85,103,19
MEASURING TAPE RUSSIAN DOLL RED,1474.8,552,28
MEDINA STAMPED METAL STOOL,1687.75,45,9
MEDINA STAMPED METAL TRAY ,14.95,1,1
MEDIUM CERAMIC TOP STORAGE JAR,3079.91,2704,83
MEDIUM CHINESE STYLE SCISSOR,346.28,825,14
MEDIUM MEDINA STAMPED METAL BOWL ,1734.5000000000002,614,54
MEDIUM PARLOUR FRAME ,84.1,22,2
MEDIUM PARLOUR PICTURE FRAME ,462.85,115,25
MEDIUM PINK BUDDHA HEAD ,103.25000000000001,35,10
MEDIUM WHITE/PINK ROSE ART FLOWER,227.03,167,16
MEMO BOARD COTTAGE DESIGN,12623.99,2795,196
MEMO BOARD RETROSPOT  DESIGN,19484.44,4474,229
METAL 4 HOOK HANGER FRENCH CHATEAU,9306.45,3311,208
METAL BASE FOR CANDLES,47.519999999999996,128,5
METAL DECORATION NAUGHTY CHILDREN ,1251.71,1415,55
METAL HERB GERDEN CONTAINER,75.0,12,4
METAL MEDINA LANTERN ,2351.85,269,17
METAL MERRY CHRISTMAS WREATH,3632.5499999999997,1929,111
METAL RABBIT LADDER EASTER ,96.89999999999999,114,14
METAL SHELF WITH RAIL ,1509.6,181,58
METAL SIGN CUPCAKE SINGLE HOOK,455.1,550,56
METAL SIGN DROP YOUR PANTS,2637.68,1040,86
METAL SIGN EMPIRE TEA,3211.1200000000003,1918,127
METAL SIGN HER DINNER IS SERVED ,4242.45,1407,77
METAL SIGN HIS DINNER IS SERVED,614.12,488,54
METAL SIGN NEIGHBOURHOOD WITCH ,3448.5000000000005,1700,92
METAL SIGN TAKE IT OR LEAVE IT ,11108.220000000001,4070,223
"METAL SIGN,CUPCAKE SINGLE HOOK",935.15,1027,62
METAL TUBE CHIME ON BAMBOO,170.27,107,16
METAL WALL SHELF UNIT WITH HOOKS,768.28,23,7
METALIC LEAVES BAG CHARMS,145.76999999999998,59,3
MIDNIGHT BLUE COPPER FLOWER NECKLAC,23.8,4,3
MIDNIGHT BLUE CRYSTAL DROP EARRINGS,2.95,1,1
MIDNIGHT BLUE DROP CRYSTAL NECKLACE,17.700000000000003,6,1
MIDNIGHT BLUE GLASS/SILVER BRACELET,83.05,10,5
MIDNIGHT BLUE PAIR HEART HAIR SLIDE,45.0,12,5
MIDNIGHT BLUE VINTAGE EARRINGS,78.75,21,5
MIDNIGHT GLAMOUR SCARF KNITTING KIT,521.67,356,35
MILK BOTTLE WITH GLASS STOPPER ,971.75,145,38
MILK MAIDS MUG ,232.64999999999998,141,14
MILK PAN BLUE POLKADOT,283.75,91,21
MILK PAN BLUE RETROSPOT,851.9100000000001,241,27
MILK PAN PINK POLKADOT,823.38,238,22
MILK PAN PINK RETROSPOT,1675.5,469,42
MILK PAN RED RETROSPOT,3330.39,936,98
MINATURE COLOURED GARDENING SET,2029.8000000000002,438,71
MINI  ZINC GARDEN DECORATIONS ,390.06,870,27
MINI CAKE STAND  HANGING STRAWBERY,3644.39,2456,112
MINI CAKE STAND HANGING HEARTS,297.09999999999997,182,29
MINI CAKE STAND T-LIGHT HOLDER,533.04,1324,38
MINI CAKE STAND WITH HANGING CAKES,3013.75,2267,85
MINI FUNKY DESIGN TAPES,1177.4,1456,42
MINI HAND WARMER BABUSHKA DESIGN,50.400000000000006,24,2
MINI HIGHLIGHTER PENS,432.11999999999995,3601,23
MINI JIGSAW BAKE A CAKE ,755.47,1923,41
MINI JIGSAW BUNNIES,849.22,2128,58
MINI JIGSAW BUNNIES AT HOME,100.8,240,5
MINI JIGSAW CIRCUS PARADE ,1200.54,3100,72
MINI JIGSAW DINOSAUR ,485.31,1228,59
MINI JIGSAW DOLLY GIRL,1615.19,4211,75
MINI JIGSAW FIDO,221.76,528,7
MINI JIGSAW GO TO THE FAIR,338.4,832,31
MINI JIGSAW LEAP FROG,320.48,798,23
MINI JIGSAW PURDEY,923.13,2330,56
MINI JIGSAW SPACEBOY,2567.04,6579,109
MINI LADLE LOVE HEART PINK,80.94,181,14
MINI LADLE LOVE HEART RED ,217.8,548,20
MINI LIGHTS WOODLAND MUSHROOMS,4921.32,1391,98
MINI PAINT SET VINTAGE ,20280.890000000003,32729,195
MINI PAINT SET VINTAGE  BOY+ GIRL,621.0,1044,13
MINI PAINTED GARDEN DECORATION ,597.1099999999999,1883,41
MINI PLAYING CARDS BUFFALO BILL ,1026.1200000000001,2596,68
MINI PLAYING CARDS DOLLY GIRL ,855.96,2098,67
MINI PLAYING CARDS FUN FAIR ,373.14,897,37
MINI PLAYING CARDS GYMKHANA,784.14,2017,64
MINI PLAYING CARDS SPACEBOY ,967.26,2363,83
MINI WOODEN HAPPY BIRTHDAY GARLAND,4452.19,2803,110
MINIATURE ANTIQUE ROSE HOOK IVORY,1178.4499999999998,1423,87
MINITURE ANTIQUE ROSE HOOK IVORY,30.599999999999998,36,3
MINT DINER CLOCK,17.0,2,1
MINT DINER WALL CLOCK,2198.1,261,69
MINT GREEN ROSE TOWEL,316.20000000000005,68,17
MINT KITCHEN SCALES,9112.48,1102,185
MIRROR CORNICE,999.0,68,32
MIRROR LOVE BIRD T-LIGHT HOLDER,492.9,314,11
MIRROR MOSAIC CANDLE PLATE,519.09,837,17
MIRROR MOSAIC GOBLET CANDLE HOLDER,488.25,321,9
MIRROR MOSAIC HURRICANE LAMP ,595.55,241,14
MIRROR MOSAIC T-LIGHT HOLDER ,565.5,910,17
MIRROR MOSAIC T-LIGHT HOLDER ROUND,687.03,815,13
MIRROR MOSAIC VOTIVE HOLDER,512.76,538,20
"MIRROR, ARCHED GEORGIAN",3884.0000000000005,200,1
MIRRORED DISCO BALL ,5287.8,1007,86
MIRRORED DOVE WALL DECORATION,398.93000000000006,189,18
MIRRORED WALL ART FOXY,121.25,38,8
MIRRORED WALL ART GENTS,142.41,137,16
MIRRORED WALL ART LADIES,129.0,148,18
MIRRORED WALL ART PHOTO FRAMES,93.5,22,10
MIRRORED WALL ART POPPIES,296.84999999999997,255,19
MIRRORED WALL ART SKULLS,480.0,324,28
MIRRORED WALL ART SNOWFLAKES,306.15,361,26
MIRRORED WALL ART SPLODGES,71.25,45,6
MIRRORED WALL ART STARS,288.15000000000003,245,19
MIRRORED WALL ART TABLE LAMP,120.73,103,16
MISELTOE HEART WREATH ,296.2,76,4
MISELTOE HEART WREATH CREAM,996.0000000000001,240,1
MISELTOE HEART WREATH WHITE,304.5,78,4
MISTLETOE HEART WREATH CREAM,1589.28,396,41
MISTLETOE HEART WREATH GREEN,2281.92,560,68
MIXED NUTS LIGHT GREEN BOWL,340.69,576,34
MOBILE VINTAGE HEARTS ,1013.7,212,50
MOCK LOBSTER FRIDGE MAGNET,220.79,367,28
MODERN CHRISTMAS BAUBLE CANDLE ,2.52,6,1
MODERN FLORAL STATIONERY SET,1974.25,1259,89
MODERN VINTAGE COTTON SHOPPING BAG,682.68,596,25
MONEY BOX BISCUITS DESIGN,1638.27,1203,51
MONEY BOX CONFECTIONERY DESIGN,411.01,348,43
MONEY BOX FIRST ADE DESIGN,257.35,215,27
MONEY BOX FIRST AID DESIGN,34.32,43,9
MONEY BOX HOUSEKEEPING DESIGN,1017.73,876,78
MONEY BOX KINGS CHOICE DESIGN,2327.8900000000003,1865,74
MONEY BOX POCKET MONEY DESIGN,986.18,863,91
MONSTERS STENCIL CRAFT,3200.12,2752,137
MONTANA DIAMOND CLUSTER EARRINGS,12.75,5,1
MONTANA DIAMOND CLUSTER NECKLACE,26.849999999999998,3,2
MOODY BOY  DOOR HANGER ,908.79,1625,82
MOODY GIRL DOOR HANGER ,1118.01,1921,102
MOP PENDANT SHELL NECKLACE,14.850000000000001,3,1
MORE BUTTER METAL SIGN ,1715.5900000000001,1324,78
MOROCCAN BEATEN METAL DISH,457.90000000000003,122,12
MOROCCAN BEATEN METAL DISH LARGE,398.49,73,10
MOROCCAN BEATEN METAL MIRROR,753.5500000000001,137,18
MOROCCAN TEA GLASS,5133.11,7083,101
MOSAIC CANDLE DISH BLUE PURPLE,122.39999999999999,144,1
MOSAIC GLASS BALL CANDLEHOLDER,28.75,23,4
MOTHER'S KITCHEN SPOON REST ,473.21,120,28
MOTORING TISSUE BOX,936.9200000000001,1724,86
MOUSE TOY WITH PINK T-SHIRT,1773.8,472,84
MOUSEY LONG LEGS SOFT TOY,267.15,109,18
MR ROBOT SOFT TOY,739.2,256,32
MRS ROBOT SOFT TOY,670.05,219,24
MUG AND COASTER SET RED CIRCLES,158.76,378,1
MULTI COLOUR SILVER T-LIGHT HOLDER,11709.710000000001,14921,159
MULTI HEARTS  STICKERS,607.5,730,49
MULTICOLOUR  CONFETTI IN TUBE,312.44999999999993,201,14
MULTICOLOUR 3D BALLS GARLAND,1113.3,462,53
MULTICOLOUR CRUSOE CHECK LAMPSHADE,5.04,12,4
MULTICOLOUR DOTS PLATE,71.80000000000001,688,2
MULTICOLOUR EASTER RABBIT ,70.19999999999999,36,7
MULTICOLOUR GLASS PLATE,28.05,51,5
MULTICOLOUR HONEYCOMB FAN,680.7299999999999,945,35
MULTICOLOUR HONEYCOMB PAPER GARLAND,1317.1,982,32
MULTICOLOUR POLKADOT PLATE,-68.4,-684,1
MULTICOLOUR RABBIT EGG WARMER,183.75,156,23
MULTICOLOUR SPRING FLOWER MUG,961.0,1840,38
MUM'S KITCHEN CLOCK,377.85,85,23
MUMMY MOUSE RED GINGHAM RIBBON,454.8,84,32
MURANO STYLE GLASS BRACELET BLACK,70.0,20,7
MURANO STYLE GLASS BRACELET GOLD,24.5,7,4
MURANO STYLE GLASS BRACELET PINK,56.0,16,5
MURANO STYLE GLASS BRACELET RED,35.0,10,6
MUSHROOM BLUE HOT WATER BOTTLE,1462.0,520,62
MUSICAL ZINC HEART DECORATION ,621.68,1718,58
Manual,-30917.4,5817,265
N0 SINGING METAL SIGN,2456.58,1165,24
NAMASTE SWAGAT INCENSE,818.04,3166,19
NATURAL BARK CANDLE LARGE,607.0,152,20
NATURAL BARK CANDLE SMALL,835.0,280,28
NATURAL HANGING QUILTED HEARTS ,855.8299999999999,1117,39
NATURAL RIVIERA HANDBAG,75.05,45,3
NATURAL SLATE CHALKBOARD LARGE ,12940.36,3026,194
NATURAL SLATE HEART CHALKBOARD ,27643.620000000003,9802,403
NATURAL SLATE RECTANGLE CHALKBOARD,6347.959999999999,3988,201
NECKLACE+BRACELET PINK BUTTERFLY,40.8,16,11
NECKLACE+BRACELET SET BLUE BLOSSOM,61.199999999999996,24,7
NECKLACE+BRACELET SET BLUE HIBISCUS,25.5,10,6
NECKLACE+BRACELET SET FRUIT SALAD ,43.349999999999994,17,7
NECKLACE+BRACELET SET PINK BLOSSOM,15.299999999999999,6,1
NECKLACE+BRACELET SET PINK DAISY,30.599999999999998,12,3
NEW BAROQUE B'FLY NECKLACE BLACK,25.5,3,3
NEW BAROQUE B'FLY NECKLACE CRYSTAL,8.5,1,1
NEW BAROQUE B'FLY NECKLACE GREEN,8.5,1,1
NEW BAROQUE B'FLY NECKLACE MONTANA,68.0,8,4
NEW BAROQUE B'FLY NECKLACE PINK,51.0,6,5
NEW BAROQUE B'FLY NECKLACE RED,59.5,7,6
NEW BAROQUE BLACK BOXES,38.25,3,2
NEW BAROQUE BLACK PHOTO ALBUM,290.75,44,14
NEW BAROQUE IVORY CUSHION COVER ,346.45000000000005,79,5
NEW BAROQUE JEWELLERY BOX ,448.0,60,16
NEW BAROQUE LARGE NECKLACE BLK/WHIT,17.0,2,2
NEW BAROQUE SMALL NECKLACE BLACK,119.0,14,5
NEW ENGLAND CERAMIC CAKE SERVER,132.6,52,19
NEW ENGLAND EGG WARMER,30.25,55,7
NEW ENGLAND MILK JUG W GIFT BOX,95.2,16,11
NEW ENGLAND MUG W GIFT BOX,33.15,13,7
NEW ENGLAND PLACEMATS,112.5,30,5
NEW ENGLAND TEATOWELS,224.39999999999998,88,21
NEWSPAPER STAND,2926.25,281,21
NIGHTINGALE COATHOOK WHITE,409.29999999999995,266,19
NINJA RABBIT BLACK,217.64000000000001,173,19
NINJA RABBIT PINK,203.05,167,19
NO JUNK MAIL METAL SIGN,2065.82,2826,121
NO SINGING METAL SIGN,17983.52,9217,188
NOEL GARLAND PAINTED ZINC ,565.8299999999999,711,40
NOEL WOODEN BLOCK LETTERS ,5477.34,918,165
NOVELTY BISCUITS CAKE STAND 3 TIER,4350.7699999999995,466,77
NUMBER TILE COTTAGE GARDEN 0 ,56.55,29,7
NUMBER TILE COTTAGE GARDEN 1,76.05,39,11
NUMBER TILE COTTAGE GARDEN 2,83.85,43,10
NUMBER TILE COTTAGE GARDEN 3 ,50.699999999999996,26,5
NUMBER TILE COTTAGE GARDEN 4,62.4,32,10
NUMBER TILE COTTAGE GARDEN 5,39.0,20,6
NUMBER TILE COTTAGE GARDEN 6,58.5,30,7
NUMBER TILE COTTAGE GARDEN 7,48.75,25,10
NUMBER TILE COTTAGE GARDEN 8,50.699999999999996,26,6
NUMBER TILE COTTAGE GARDEN 9,54.6,28,8
NUMBER TILE COTTAGE GARDEN No,67.2,32,8
"NUMBER TILE COTTAGE GARDEN, 0 ",109.19999999999999,56,2
"NUMBER TILE COTTAGE GARDEN, 1",118.95,61,6
"NUMBER TILE COTTAGE GARDEN, 2",109.19999999999999,56,2
"NUMBER TILE COTTAGE GARDEN, 3 ",109.19999999999999,56,2
"NUMBER TILE COTTAGE GARDEN, 4",109.19999999999999,56,2
"NUMBER TILE COTTAGE GARDEN, 5",109.19999999999999,56,2
"NUMBER TILE COTTAGE GARDEN, 6",109.19999999999999,56,2
"NUMBER TILE COTTAGE GARDEN, 7",109.19999999999999,56,2
"NUMBER TILE COTTAGE GARDEN, 8",109.19999999999999,56,2
"NUMBER TILE COTTAGE GARDEN, 9",111.15,57,4
"NUMBER TILE COTTAGE GARDEN, No",90.3,43,3
NUMBER TILE VINTAGE FONT 0,51.79,53,4
NUMBER TILE VINTAGE FONT 1,57.64,56,6
NUMBER TILE VINTAGE FONT 2,71.29,63,5
NUMBER TILE VINTAGE FONT 3,71.29,63,10
NUMBER TILE VINTAGE FONT 4,67.39,61,6
NUMBER TILE VINTAGE FONT 5,69.33999999999999,62,9
NUMBER TILE VINTAGE FONT 6 ,77.14,66,8
NUMBER TILE VINTAGE FONT 7,73.24,64,5
NUMBER TILE VINTAGE FONT 8,57.64,56,6
NUMBER TILE VINTAGE FONT 9 ,55.69,55,5
NUMBER TILE VINTAGE FONT No ,135.18,133,4
"NUMBER TILE VINTAGE FONT, 0",17.36,8,1
"NUMBER TILE VINTAGE FONT, 1",17.36,8,1
"NUMBER TILE VINTAGE FONT, 2",17.36,8,1
"NUMBER TILE VINTAGE FONT, 3",17.36,8,1
"NUMBER TILE VINTAGE FONT, 4",17.36,8,1
"NUMBER TILE VINTAGE FONT, 5",17.36,8,1
"NUMBER TILE VINTAGE FONT, 6 ",17.36,8,1
"NUMBER TILE VINTAGE FONT, 7",17.36,8,1
"NUMBER TILE VINTAGE FONT, 8",17.36,8,1
"NUMBER TILE VINTAGE FONT, No ",21.3,9,2
NURSE'S BAG SOFT TOY,1449.8999999999999,162,51
"NURSERY A,B,C PAINTED LETTERS",1355.8,244,71
Next Day Carriage,615.0,41,27
OCEAN SCENT CANDLE IN JEWELLED BOX,2135.63,779,47
OCEAN SCENT CANDLE JEWELLED DRAWER,212.5,50,15
OCEAN STRIPE HAMMOCK ,1327.3500000000001,173,37
OFFICE MUG WARMER BLACK+SILVER ,4060.35,1453,53
OFFICE MUG WARMER CHOC+BLUE,2511.84,774,52
OFFICE MUG WARMER PINK,1721.44,532,42
OFFICE MUG WARMER POLKADOT,2280.6400000000003,692,43
OLD DOC RUSSEL METAL SIGN,218.4,104,30
OLD DOC.RUSSEL METAL SIGN,6.300000000000001,3,3
OLD ROSE COMBO BEAD NECKLACE,17.700000000000003,6,1
OLIVE CHALET BIRDFEEDER,583.75,225,9
OPEN CLOSED METAL SIGN,11387.91,2378,213
OPIUM SCENTED VOTIVE CANDLE,336.96,1440,16
OPULENT VELVET CANDLE IN BOX,10.500000000000002,5,2
OPULENT VELVET SET/3 CANDLES,876.9,624,32
ORANGE COCKTAIL GLASS LAMP,102.9,49,9
ORANGE FELT VASE + FLOWERS,8.75,7,4
ORANGE FLOWER MUG ,11.25,9,2
ORANGE PENDANT TRIPLE SHELL NECKLAC,14.850000000000001,3,1
ORANGE SCENTED SET/9 T-LIGHTS,893.7499999999999,1079,84
ORANGE TV TRAY TABLE ,971.15,465,16
ORANGE VOTIVE CANDLE,286.56,1200,18
ORANGE/FUSCHIA STONES NECKLACE,44.550000000000004,9,2
ORGANISER WOOD ANTIQUE WHITE ,3218.35,393,127
"ORGANISER WOOD, ANTIQUE WHITE ",25.5,3,2
ORIENTAL BLUE C/COVER ,23.25,5,3
ORIENTAL BLUE CUSHION COVER ,276.45,213,4
ORIENTAL RED C/COVER ,69.6,16,3
ORIENTAL RED CUSHION COVER ,179.35,119,4
ORIGAMI JASMINE INCENSE IN TUBE,217.6,255,2
ORIGAMI JASMINE INCENSE+FLOWER ,11.100000000000001,19,2
ORIGAMI JASMINE INCENSE/CANDLE SET,509.99999999999994,524,28
ORIGAMI LAVENDER INCENSE CONES,40.32,96,1
ORIGAMI LAVENDER INCENSE IN TUBE,49.14,117,2
ORIGAMI LAVENDER INCENSE+FLOWER,217.1,334,1
ORIGAMI LAVENDER INCENSE/CANDL SET ,544.8499999999999,555,28
ORIGAMI OPIUM INCENSE CONES,26.7,89,1
ORIGAMI OPIUM INCENSE/CANDLE SET ,201.45,207,7
ORIGAMI OPIUM SCENT INCENSE+FLOWER,80.60000000000001,124,1
ORIGAMI ROSE INCENSE CONES,192.63,475,4
ORIGAMI ROSE INCENSE IN TUBE,433.88,918,13
ORIGAMI ROSE INCENSE+FLOWER,129.3,207,2
ORIGAMI ROSE INCENSE/CANDLE SET ,299.2,294,22
ORIGAMI SANDLEWOOD INCENSE CONES,18.749999999999996,58,2
ORIGAMI SANDLEWOOD INCENSE IN TUBE,23.4,60,3
ORIGAMI SANDLEWOOD INCENSE+FLOWER,249.15000000000003,332,12
ORIGAMI SANDLEWOOD INCENSE/CAND SET,337.45,361,22
ORIGAMI VANILLA INCENSE CONES,39.029999999999994,90,2
ORIGAMI VANILLA INCENSE+FLOWER ,72.9,151,3
ORIGAMI VANILLA INCENSE/CANDLE SET ,516.8,556,21
ORNATE EDWARDIAN CANDLE HOLDER,23.85,3,2
OVAL  MINI PORTRAIT FRAME,522.15,269,33
OVEN MITT APPLE DESIGN,367.15,267,23
OVEN MITT APPLES DESIGN,1530.21,1077,95
OVERNIGHT BAG VINTAGE ROSE PAISLEY,2568.2000000000003,530,74
OWL DOORSTOP,3003.79,621,82
OWLS CHARLOTTE BAG,0.85,1,1
OYSTER TRINKET BOX,113.62,58,10
PACK 20 DOLLY PEGS,1604.8,2080,72
PACK 20 ENGLISH ROSE PAPER NAPKINS,3466.4599999999996,4514,178
PACK 3 BOXES BIRD PANETTONE ,299.37999999999994,156,7
PACK 3 BOXES BIRD PANNETONE ,4624.099999999999,2530,99
PACK 3 BOXES CHRISTMAS PANETTONE,72.27,27,6
PACK 3 BOXES CHRISTMAS PANNETONE,5156.299999999999,2764,137
PACK 3 FIRE ENGINE/CAR PATCHES,257.5,206,27
PACK 3 IRON ON DOG PATCHES,323.71,258,33
PACK 4 FLOWER/BUTTERFLY PATCHES,193.75,155,23
PACK 6 HEART/ICE-CREAM PATCHES,554.92,442,46
PACK OF 12 50'S CHRISTMAS TISSUES,821.13,2183,82
PACK OF 12 BLUE PAISLEY TISSUES ,871.9599999999999,2952,100
PACK OF 12 CHRISTMAS FUN CARDS,47.2,16,6
PACK OF 12 CIRCUS PARADE TISSUES ,846.92,2860,76
PACK OF 12 COLOURED PENCILS,4436.57,5615,144
PACK OF 12 DOILEY TISSUES,18.72,48,1
PACK OF 12 DOLLY GIRL TISSUES,302.25,775,44
PACK OF 12 HEARTS DESIGN TISSUES ,6237.8099999999995,17325,243
PACK OF 12 LONDON TISSUES ,9208.72,32796,176
PACK OF 12 PAISLEY PARK TISSUES ,417.29999999999995,1070,58
PACK OF 12 PINK PAISLEY TISSUES ,5965.65,22071,124
PACK OF 12 PINK POLKADOT TISSUES,1005.0699999999999,3637,88
PACK OF 12 PINK SPOT TISSUES ,2376.52,5720,65
PACK OF 12 RED APPLE TISSUES,322.32,904,31
PACK OF 12 RED RETROSPOT TISSUES ,1652.3999999999999,5562,119
PACK OF 12 RED SPOTTY TISSUES ,4927.42,19102,105
PACK OF 12 SKULL TISSUES,3300.0299999999997,12243,130
PACK OF 12 SPACEBOY TISSUES,1062.76,3486,130
PACK OF 12 STICKY BUNNIES,713.9000000000001,1102,90
PACK OF 12 SUKI TISSUES ,8552.539999999999,27166,173
PACK OF 12 TRADITIONAL CRAYONS,4645.59,11541,215
PACK OF 12 VINTAGE CHRISTMAS TISSUE,682.68,1828,63
PACK OF 12 VINTAGE DOILY TISSUES,458.64,1176,55
PACK OF 12 VINTAGE LEAF TISSUES ,287.43,737,43
PACK OF 12 WOODLAND TISSUES ,5834.37,22385,159
PACK OF 20 FAIRY CAKE PAPER NAPKINS,369.14,458,29
PACK OF 20 NAPKINS PANTRY DESIGN,4500.57,5667,239
PACK OF 20 NAPKINS RED APPLES,3380.87,4397,151
PACK OF 20 SKULL PAPER NAPKINS,3322.39,4243,153
PACK OF 20 SPACEBOY NAPKINS,1780.31,2333,103
PACK OF 6 BIRDY GIFT TAGS,14171.54,12073,289
PACK OF 6 COCKTAIL PARASOL STRAWS,834.0,2164,62
PACK OF 6 HANDBAG GIFT BOXES,2522.7,1006,106
PACK OF 6 LARGE FRUIT STRAWS ,1000.4300000000001,1711,64
PACK OF 6 PANETTONE GIFT BOXES,388.96000000000004,177,7
PACK OF 6 PANNETONE GIFT BOXES,7090.93,2912,182
PACK OF 6 SANDCASTLE FLAGS ASSORTED,2226.19,2757,115
PACK OF 6 SKULL PAPER CUPS,2171.32,3500,120
PACK OF 6 SKULL PAPER PLATES,3047.44,4024,122
PACK OF 6 SMALL FRUIT STRAWS,524.88,1332,48
PACK OF 6 SWEETIE GIFT BOXES,3932.86,1613,102
PACK OF 60 DINOSAUR CAKE CASES,11324.5,24155,273
PACK OF 60 MUSHROOM CAKE CASES,4538.530000000001,9075,204
PACK OF 60 PINK PAISLEY CAKE CASES,21337.850000000002,45006,355
PACK OF 60 SPACEBOY CAKE CASES,7430.990000000001,14981,280
PACK OF 72 RETRO SPOT CAKE CASES,16784.61,35288,351
PACK OF 72 RETROSPOT CAKE CASES,17106.32,36167,410
PACK OF 72 SKULL CAKE CASES,14238.380000000001,30458,266
PACK OF SIX LED TEA LIGHTS,2576.2400000000002,916,76
PACK/12 BLUE FOLKART CARDS,106.20000000000002,36,16
PACK/12 BLUE REINDEER CARD,141.60000000000002,48,13
PACK/12 DECOUPAGE CARD,35.400000000000006,12,6
PACK/12 RUSSIAN DOLL CARDS,2.95,1,1
PACK/12 XMAS FUN CARD,377.6,128,28
PACKING CHARGE,67.5,9,5
PADDED HOLLY CHRISTMAS DECORATION ,29.79,65,12
PADDED RED HEART DECORATION,32.72,70,12
PADS TO MATCH ALL CUSHIONS,0.009000000000000001,10,8
PAINT YOUR OWN CANVAS SET,4515.929999999999,2861,120
PAINT YOUR OWN EGGS IN CRATE,274.4,152,4
PAINTED BIRD ASSORTED CHRISTMAS,336.31,199,15
PAINTED LIGHTBULB RAINBOW DESIGN,43.019999999999996,111,8
PAINTED LIGHTBULB STAR+ MOON,56.46,143,16
PAINTED METAL HEART WITH HOLLY BELL,1087.62,1052,63
PAINTED METAL PEARS ASSORTED,9890.789999999999,6023,172
PAINTED METAL STAR WITH HOLLY BELLS,952.29,1129,70
PAINTED METAL TREE WITH HOLLY BELLS,461.09999999999997,318,30
PAINTED PINK RABBIT ,270.3,318,46
PAINTED SEA SHELL METAL WINDCHIME,17.18,18,3
PAINTED YELLOW WOODEN DAISY,237.14999999999998,279,32
PAIR BUTTERFLY HAIR CLIPS,60.0,16,4
PAIR OF ENAMEL BUTTERFLY HAIRCLIP,23.45,7,5
PAIR OF ENAMEL FLOWER CLUSTER SLIDE,182.70000000000002,78,3
PAIR OF PINK FLOWER CLUSTER SLIDE,10.2,4,4
PAIR PADDED HANGERS PINK CHECK,257.85,79,12
PAIR PINK/BLACK COATHANGERS,23.4,12,3
PAISLEY PARK CARD,121.67999999999999,300,19
PAISLEY PATTERN  STICKERS,254.24,392,24
PANDA AND BUNNIES STICKER SHEET,581.4,684,45
PANTRY 3 HOOK ROLLING PIN HANGER,498.75,133,29
PANTRY APPLE CORER,452.59999999999997,332,36
PANTRY CHOPPING BOARD,709.6500000000002,155,26
PANTRY HOOK BALLOON WHISK ,237.12,114,15
PANTRY HOOK SPATULA,239.20000000000002,115,15
PANTRY HOOK TEA STRAINER ,241.28,116,15
PANTRY KITCHEN THERMOMETER ,68.75,55,11
PANTRY MAGNETIC  SHOPPING LIST,3112.39,2199,149
PANTRY PASTRY BRUSH,947.05,756,81
PANTRY ROLLING PIN,7566.5599999999995,1971,84
PANTRY SCRUBBING BRUSH,2549.1899999999996,1603,121
PANTRY WASHING UP BRUSH,4618.36,3098,135
PAPER BUNTING COLOURED LACE,8401.45,3087,145
PAPER BUNTING PAISLEY PARK,599.75,225,21
PAPER BUNTING RETRO SPOTS,14228.550000000001,5209,204
PAPER BUNTING RETROSPOT,17304.64,6388,201
PAPER BUNTING VINTAGE PAISLEY,6074.150000000001,2260,148
PAPER BUNTING VINTAGE PARTY,1118.95,401,34
PAPER BUNTING WHITE LACE,17055.05,6258,150
PAPER CHAIN KIT 50'S CHRISTMAS ,53280.380000000005,19744,427
PAPER CHAIN KIT EMPIRE,14537.550000000001,5325,244
PAPER CHAIN KIT LONDON,1664.64,604,60
PAPER CHAIN KIT RETRO SPOT,12644.95,4719,179
PAPER CHAIN KIT RETROSPOT,11530.810000000001,4155,204
PAPER CHAIN KIT SKULLS ,2506.3,914,85
PAPER CHAIN KIT VINTAGE CHRISTMAS,34249.32,12668,366
PAPER LANTERN 5 POINT SEQUIN STAR,143.75,25,11
PAPER LANTERN 5 POINT STAR MOON ,153.55,37,9
PAPER LANTERN 5 POINT STAR MOON 30,24.900000000000002,6,3
PAPER LANTERN 5 POINT STUDDED STAR,34.5,6,3
PAPER LANTERN 6 POINT SNOW STAR,74.7,18,4
PAPER LANTERN 7 POINT SNOW STAR,299.25,45,15
PAPER LANTERN 9 POINT DELUXE STAR,1832.1999999999998,308,18
PAPER LANTERN 9 POINT HOLLY STAR 23,66.4,16,4
PAPER LANTERN 9 POINT HOLLY STAR 40,12.5,2,1
PAPER LANTERN 9 POINT HOLLY STAR L,337.5,54,9
PAPER LANTERN 9 POINT HOLLY STAR S,145.25,35,11
PAPER LANTERN 9 POINT SNOW STAR,466.1,110,22
PAPER LANTERN 9 POINT SNOW STAR ,990.75,189,19
PAPER POCKET TRAVELING FAN ,787.08,6563,62
PAPERWEIGHT CHILDHOOD MEMORIES,1133.84,665,38
PAPERWEIGHT HOME SWEET HOME,364.26,202,30
PAPERWEIGHT KINGS CHOICE ,346.34999999999997,245,26
PAPERWEIGHT SAVE THE PLANET,675.75,365,51
PAPERWEIGHT VINTAGE COLLAGE,847.15,552,50
PAPERWEIGHT VINTAGE PAISLEY,218.73,167,21
PARISIENNE CURIO CABINET,2592.5,357,94
PARISIENNE JEWELLERY DRAWER ,4146.52,598,93
PARISIENNE KEY CABINET ,2592.7,474,96
PARISIENNE SEWING BOX,2402.7,207,51
PARLOUR CERAMIC WALL HOOK,1312.95,321,41
PARTY BUNTING,76889.48000000001,17610,423
PARTY CHARMS 50 PIECES,1321.08,1812,61
PARTY CONE CHRISTMAS DECORATION ,3073.48,3735,138
PARTY CONES CANDY ASSORTED,2057.65,1751,52
PARTY CONES CANDY DECORATION,202.67999999999998,260,3
PARTY CONES CANDY TREE DECORATION,989.66,1268,40
PARTY CONES CARNIVAL ASSORTED,2518.94,2243,61
PARTY FOOD SHOPPER BAG,1299.55,1067,72
PARTY INVITES BALLOON GIRL,620.7099999999999,895,63
PARTY INVITES DINOSAURS,714.42,846,81
PARTY INVITES FOOTBALL,687.68,1004,70
PARTY INVITES JAZZ HEARTS,726.18,858,90
PARTY INVITES SPACEMAN,581.0799999999999,712,67
PARTY INVITES WOODLAND,1439.27,1763,99
PARTY METAL SIGN ,7215.57,5201,210
PARTY PIZZA DISH BLUE POLKADOT,265.95,849,20
PARTY PIZZA DISH BLUE RETROSPOT,88.39999999999999,104,12
PARTY PIZZA DISH BLUE WHITE SPOT ,10.2,12,2
PARTY PIZZA DISH BLUE+WHITE SPOT ,10.2,12,1
PARTY PIZZA DISH GREEN POLKADOT,334.38,900,16
PARTY PIZZA DISH GREEN RETROSPOT,34.849999999999994,41,8
PARTY PIZZA DISH GREEN WHITE SPOT ,10.2,12,2
PARTY PIZZA DISH GREEN+WHITE SPOT ,10.2,12,1
PARTY PIZZA DISH PINK POLKADOT,280.04,860,21
PARTY PIZZA DISH PINK RETROSPOT,76.5,90,11
PARTY PIZZA DISH PINK WHITE SPOT ,30.599999999999998,36,4
PARTY PIZZA DISH PINK+WHITE SPOT ,10.2,12,1
PARTY PIZZA DISH RED RETROSPOT,1042.1499999999999,1993,39
PARTY PIZZA DISH RED WHITE SPOT ,306.84999999999997,361,9
PARTY TIME DESIGN FLANNEL,271.01,533,17
PARTY TIME PENCIL ERASERS,333.76,1586,52
PASTA ENAMEL/BRASS CONTAINER,15.0,4,3
PASTEL BLUE PHOTO ALBUM,46.8,24,2
PASTEL BLUE PHOTO ALBUM ,187.0,99,9
PASTEL COLOUR HONEYCOMB FAN,404.25,543,32
PASTEL PINK PHOTO ALBUM,165.75,85,5
PASTEL PINK PHOTO ALBUM ,82.85,27,9
PASTEL STRIPE HAMMOCK ,703.35,93,14
PATCHWORK PENCIL CASE BUTTERFLY ,79.80000000000001,38,10
PEACE SMALL WOOD LETTERS,2154.15,309,49
PEACE WOODEN BLOCK LETTERS,2527.81,451,102
PEACH KNITTED HEN ,448.26,338,9
"PEARL & SHELL 42""NECKL. GREEN",86.0,8,2
"PEARL & SHELL 42""NECKL. IVORY",279.5,26,3
"PEARL & SHELL 42""NECKL. PINK",359.39,41,2
PEARL AND CHERRY QUARTZ BRACLET,7.0,2,1
PEARL CRYSTAL PUMPKIN T-LIGHT HLDR,4030.5999999999995,2551,90
PEARLISED IVORY HEART LARGE ,560.4,360,23
PEARLISED IVORY HEART SMALL ,242.46,198,18
PEG BAG APPLE DESIGN,774.9,348,22
PEG BAG APPLES DESIGN,3148.12,1325,114
PENCIL CASE GINGHAM FOREST,106.20000000000002,36,4
PENCIL CASE LIFE IS BEAUTIFUL,2137.2000000000003,740,74
PENNY FARTHING BIRTHDAY CARD,1909.09,4727,119
PENS ASSORTED FUNKY JEWELED ,1002.84,3918,44
PENS ASSORTED FUNNY FACE,3730.3199999999997,9108,89
PENS ASSORTED SPACEBALL,1392.02,4418,67
PERIWINKLE T-LIGHT HOLDER,42.72,36,8
"PET MUG, BUDGIE",35.28,84,3
"PET MUG, GOLDFISH",0.61,2,2
PETIT TRAY CHIC,1136.4799999999998,708,59
PHARMACIE FIRST AID TIN,8770.5,1294,100
PHOTO CLIP LINE,318.71,254,19
PHOTO CUBE,4744.849999999999,3137,93
PHOTO FRAME 3 CLASSIC HANGING,4771.349999999999,496,106
PHOTO FRAME CORNICE,9154.68,3180,182
PHOTO FRAME LINEN AND LACE LARGE,422.97,115,20
PHOTO FRAME LINEN AND LACE SMALL,451.36,217,36
PICCADILLY TEA SET,3115.1,230,24
PICNIC BASKET WICKER LARGE,12518.35,1388,178
PICNIC BASKET WICKER SMALL,8947.45,1763,171
PICNIC BOXES SET OF 3 RETROSPOT ,5759.3,1254,107
PICTURE DOMINOES,5927.04,4208,224
PICTURE FRAME WOOD TRIPLE PORTRAIT,10198.65,1621,149
PIECE OF CAMO STATIONERY SET,268.62,2256,19
PIG KEYRING WITH LIGHT & SOUND ,3078.64,2840,57
PIG MUG IN TWO COLOUR DESIGNS,70.36,112,11
PIGGY BANK RETROSPOT ,7942.67,3299,176
PILLOWCUSHION COVER PINK UNION JACK,190.4,32,8
PIN CUSHION BABUSHKA BLUE,198.9,60,14
PIN CUSHION BABUSHKA PINK,448.14000000000004,158,22
PIN CUSHION BABUSHKA RED,636.61,205,27
PIN CUSHION RUSSIAN DOLL BLUE,174.20000000000002,52,13
PIN CUSHION RUSSIAN DOLL PINK,268.0,80,16
PIN CUSHION RUSSIAN DOLL RED,1099.95,357,21
PING MICROWAVE APRON,653.91,289,44
PING! MICROWAVE PLATE,440.39,165,25
PINK  HEART CONFETTI IN TUBE,792.2399999999999,808,48
PINK  HEART SHAPE LOVE BUCKET ,3346.01,1555,81
PINK  HONEYCOMB PAPER BALL ,685.5600000000001,454,30
PINK  HONEYCOMB PAPER FAN,228.24,259,23
PINK  POLKADOT CUP,1996.42,2524,108
PINK  POLKADOT PLATE ,2855.85,1833,67
PINK  SPOTTY CUP,2196.41,2716,102
PINK  SPOTTY PLATE ,3400.9599999999996,2176,80
PINK & WHITE BREAKFAST TRAY,204.60000000000002,48,13
PINK & WHITE ROSEBUD RING,58.900000000000006,14,5
PINK 3 PIECE MINI DOTS CUTLERY SET,12073.98,3386,152
PINK 3 PIECE POLKADOT CUTLERY SET,7853.08,2196,113
PINK 3 TIER GLASS PLATE STAND,554.4,80,13
PINK 5 PATCH FLOWER CUSHION COVER ,762.7,386,3
PINK ACRYLIC JEWEL SNOWFLAKE,4.5600000000000005,12,1
PINK ALLIUM  ARTIFICIAL FLOWER,79.43,47,6
PINK AND BLACK STRING CURTAIN,5.95,1,1
PINK AND LILAC QUILTED THROW ,623.3000000000001,15,11
PINK AND WHITE CHRISTMAS TREE 120CM,458.03000000000003,173,12
PINK AND WHITE CHRISTMAS TREE 180CM,239.3,74,5
PINK B'FLY C/COVER W BOBBLES,136.85,23,7
PINK BABY BUNTING,6408.8099999999995,2311,161
PINK BABY GIRLS PHOTO ALBUM,85.30000000000001,14,2
PINK BAROQUE FLOCK CANDLE HOLDER,11.9,2,2
PINK BERTIE GLASS BEAD BAG CHARM,96.0,110,5
PINK BERTIE MOBILE PHONE CHARM,8.45,5,1
PINK BITTY LIGHT CHAIN,94.15,59,5
PINK BLUE FELT CRAFT TRINKET BOX,16057.31,13966,243
PINK BOUDICCA LARGE BRACELET,208.5,30,10
PINK BOUDOIR T-LIGHT HOLDER,91.80000000000001,108,8
PINK BREAKFAST CUP AND SAUCER ,103.45,47,10
PINK BUNNY EASTER EGG BASKET,210.45,145,2
PINK BUTTERFLY CUSHION COVER,9.75,5,1
PINK BUTTERFLY CUSHION COVER ,94.35000000000001,37,5
PINK BUTTERFLY HANDBAG W BOBBLES,51.0,6,3
PINK BUTTERFLY PAPER LAMPSHADE,1.25,1,1
PINK BUTTERFLY WASHBAG,621.25,305,3
PINK CANDYSTUFT ARTIFICIAL FLOWER,159.75,231,10
PINK CANVAS DES CUSHION COVER ,2.5,2,1
PINK CAT BOWL,397.26000000000005,221,34
PINK CAT FLORAL CUSHION COVER ,356.25,271,6
PINK CHERRY BLOSSOM CUP & SAUCER,28.75,23,4
PINK CHERRY LIGHTS,7517.150000000001,1287,90
PINK CHICK EGG WARMER + EGG CUP,174.1,121,15
PINK CHRISTMAS FLOCK DROPLET ,42.66,66,4
PINK CHRISTMAS TREE DECORATION,9.55,21,7
PINK CHRYSANTHEMUMS ART FLOWER,221.39999999999998,234,2
PINK CLEAR GLASS CANDLE PLATE,10.0,8,2
PINK COMBO MINI CRYSTALS NECKLACE,44.550000000000004,9,4
PINK CREAM FELT CRAFT TRINKET BOX ,16301.960000000001,13690,281
PINK CROCHET CAT WITH SCARF,29.75,7,5
PINK CRYSTAL GUITAR PHONE CHARM,20.4,24,3
PINK CRYSTAL HEART PHONE CHARM,88.39999999999999,104,6
PINK CRYSTAL SKULL PHONE CHARM,32.489999999999995,39,6
PINK CRYSTAL+GLASS BRACELET,118.80000000000001,24,8
PINK CURRENT CANDLE RING,5.32,28,1
PINK DAISY BAG CHARM,0.0,0,1
PINK DIAMANTE PEN IN GIFT BOX,1368.42,688,27
PINK DINER WALL CLOCK,1565.7,189,47
PINK DISCO HANDBAG,320.54,200,13
PINK DOG BOWL,736.47,459,36
PINK DOG CANNISTER,49.25,15,6
PINK DOLLY HAIR CLIPS,37.800000000000004,36,5
PINK DOUGHNUT TRINKET POT ,6783.0599999999995,4582,114
PINK DRAWER KNOB ACRYLIC EDWARDIAN,3685.66,3151,62
PINK DRESS JEWELLERY STAND ,302.59999999999997,356,5
PINK EAR MUFF HEADPHONES,-14.790000000000001,-3,2
PINK EASTER HENS+FLOWER,26.25,7,3
PINK EAU DE COLOGNE BOTTLE,52.699999999999996,62,6
PINK ENAMEL FLOWER HAIR TIE,56.05000000000001,19,4
PINK ENAMEL+GLASS HAIR COMB,541.8,298,7
PINK FAIRY CAKE CHILD'S APRON,4403.46,2482,125
PINK FAIRY CAKE CHILDRENS APRON,7528.5599999999995,4172,190
PINK FAIRY CAKE COASTER,171.96000000000004,1404,4
PINK FAIRY CAKE CUSHION COVER,1243.2,728,34
PINK FEATHER CHRISTMAS DECORATION,35.07,179,7
PINK FEATHERS CURTAIN,104.55,91,6
PINK FELT EASTER EGG BASKET,1395.8999999999999,894,75
PINK FELT EASTER RABBIT GARLAND,349.34999999999997,137,18
PINK FELT HANGING HEART W FLOWER,45.9,54,5
PINK FLOCK GLASS CANDLEHOLDER,47.4,98,5
PINK FLOCK PHOTO FRAME ,204.3,158,4
PINK FLOCK SUEDE CUSHION COVER ,22.5,14,3
PINK FLOCK TABLE CLOCK ,161.85,83,3
PINK FLORAL FELTCRAFT SHOULDER BAG,5571.59,1513,151
PINK FLOWER CROCHET FOOD COVER,1901.3600000000001,547,69
PINK FLOWER FABRIC PONY,293.6,80,24
PINK FLOWER HANGING HEART ,61.2,72,10
PINK FLOWERS CHILDS UMBRELLA,13.0,4,2
PINK FLOWERS RABBIT EASTER,67.55,29,5
PINK FLUFFY CHRISTMAS DECORATION,50.730000000000004,267,13
PINK FLY SWAT,233.71,395,37
PINK FOXGLOVE ARTIIFCIAL FLOWER,353.40000000000003,164,6
PINK GAUZE BUTTERFLY LAMPSHADE,8.82,21,7
PINK GINGHAM CAT WITH SCARF,237.14999999999998,93,23
PINK GINGHAM ROSE CUSHION COVER,29.75,5,2
PINK GINGHAM ROSE FLOOR CUSHION,166.70000000000002,26,4
PINK GLASS CANDLEHOLDER,524.35,181,22
PINK GLASS CHUNKY CHARM BRACELET,20.4,3,3
PINK GLASS COCKTAIL LAMP,2.1,1,1
PINK GLASS TASSLE BAG CHARM ,32.45,11,6
PINK GOOSE FEATHER TREE 60CM,372.65,187,12
PINK GREEN EMBROIDERY COSMETIC BAG,44.25000000000001,15,7
PINK HANGING GINGHAM EASTER HEN,14.28,34,5
PINK HANGING HEART T-LIGHT HOLDER,885.23,601,31
PINK HAPPY BIRTHDAY BUNTING,17697.95,3483,218
PINK HAWAIIAN PICNIC HAMPER FOR 2,630.6,124,14
PINK HAWAIIAN PICNIC HAMPER FOR 4,1501.8000000000002,284,13
PINK HEART CANDY BUTTON CALCULATOR,569.4,236,17
PINK HEART CHRISTMAS DECORATION,0.38,1,1
PINK HEART DOTS HOT WATER BOTTLE,1657.56,596,71
PINK HEART OF GLASS BRACELET,71.4,12,5
PINK HEART RED HANDBAG,274.66,197,7
PINK HEART SHAPE EGG FRYING PAN,10676.279999999999,7820,172
PINK HEART SHAPE PHOTO FRAME,656.1999999999999,416,36
PINK HEARTS LIGHT CHAIN ,393.90000000000003,190,16
PINK HEARTS PAPER GARLAND,749.5999999999999,484,39
PINK HEARTS PHOTO ALBUM,225.64999999999998,109,7
PINK HORSE SOCK PUPPET,999.1000000000001,346,55
PINK HORSE SOCK PUPPET KIT,70.80000000000001,24,6
PINK HYDRANGEA ART FLOWER,90.30000000000001,43,5
PINK JEWELLED MIRROR TRINKET TRAY,176.60999999999999,28,12
PINK JEWELLED PHOTO FRAME,195.57000000000002,25,8
PINK JEWELLED PHOTO FRAME ,350.8,72,19
PINK JUICY FRUIT PHOTO FRAME,526.5,213,19
PINK JUMPER LARRY THE LAMB,807.1800000000001,416,39
PINK KASHMIRI BOXED MIRROR,116.0,9,2
PINK KASHMIRI COFFEE TABLE ,1050.0,20,2
PINK KASHMIRI OCCASIONAL TABLE,15.0,1,2
PINK KNITTED COW STUFFED TOY,121.59,33,13
PINK KNITTED EGG COSY,96.33,131,20
PINK KNITTED KIDS RUCKSACK,60.75,9,3
PINK LARGE JEWELED PHOTOFRAME,38.25,15,6
PINK LEAVES AND BEADS PHONE CHARM,6.25,5,4
PINK LOVE BIRD CANDLE,316.48,296,28
PINK LOVE HEART SHAPE CUP,1352.44,1648,61
PINK MARSHMALLOW SCARF KNITTING KIT,1229.1,466,33
PINK METAL CHICKEN HEART ,956.9,706,42
PINK METAL SWINGING BUNNY,327.25,385,28
PINK MILKSHAKE GLASS,123.10000000000001,123,5
PINK MINI STATIONERY SET W CASE,8.75,7,4
PINK MINI TAPE MEASURE ,196.95,247,12
PINK MONTE CARLO HANDBAG,307.0,144,10
PINK MURANO TWIST BRACELET,225.25,53,9
PINK MURANO TWIST NECKLACE,139.29999999999998,14,9
PINK NEW BAROQUE FLOCK CANDLESTICK,74.4,16,5
PINK NEW BAROQUECANDLESTICK CANDLE,593.4499999999999,545,22
PINK OVAL JEWELLED MIRROR,321.3,54,17
PINK OVAL SHAPE TRINKET BOX,69.64999999999999,7,3
PINK OWL DECORATION,244.79999999999998,96,1
PINK OWL SOFT TOY,3184.5800000000004,1160,79
PINK PADDED MOBILE,1797.75,429,65
PINK PAINTED KASHMIRI CHAIR,663.45,21,7
PINK PAINTED KASHMIRI TABLE,630.0,11,2
PINK PAISLEY CUSHION COVER ,766.65,363,18
PINK PAISLEY PHOTO ALBUM,6.75,1,1
PINK PAISLEY QUILT ,1718.85,127,12
PINK PAISLEY ROSE GIFT WRAP,860.5,2125,58
PINK PAISLEY SQUARE TISSUE BOX ,378.99,681,58
PINK PAPER PARASOL ,11910.730000000001,4591,63
PINK PARTY BAGS,6655.76,3588,98
PINK PARTY SUNGLASSES,269.25,163,8
PINK PATCH PENCIL CASE BLUE HEART,226.80000000000004,108,13
PINK PATCH PURSE BLUE HEART,155.1,94,25
PINK PICNIC BARBECUE BUCKET,425.35,61,12
PINK PILLAR CANDLE SILVER FLOCK,542.1700000000001,391,17
PINK POLKADOT BOWL,3334.02,2912,90
PINK POLKADOT CHILDRENS UMBRELLA,761.0,236,51
PINK POLKADOT GARDEN PARASOL,661.95,89,21
PINK POLKADOT KIDS BAG,553.5,282,30
PINK POLKADOT PLATE ,271.02,174,16
PINK POLKADOT WRAP ,2217.0,5550,102
PINK POODLE HANGING DECORATION ,102.46000000000001,264,20
PINK PORCELAIN B'FLY OIL BURNER,5.9,2,2
PINK POT PLANT CANDLE,562.5,188,29
PINK RABBIT SITTING EASTER,5.04,12,1
PINK REGENCY TEACUP AND SAUCER,15318.34,5626,208
PINK RETRO BIG FLOWER BAG,115.05,59,9
PINK RIVIERA HANDBAG,324.55,207,9
PINK ROSE FABRIC MIRROR,507.97,617,37
PINK ROSE PICNIC RUG,77.85,3,2
PINK ROSE WASHBAG,2043.75,825,34
PINK ROSEBUD & PEARL NECKLACE,60.0,8,3
PINK ROSEBUD PEARL BRACELET,70.35,19,6
PINK ROSEBUD PEARL EARRINGS,30.599999999999998,12,2
"PINK ROSES/GINGHAM PATCH RABBIT 8""",23.6,8,5
PINK ROUND BUTTERFLY MIRROR ,218.7,106,5
PINK ROUND COMPACT MIRROR,63.75,25,3
PINK SCOTTIE DOG W FLOWER PATTERN,247.2,98,26
PINK SMALL GLASS CAKE STAND,389.25,213,22
PINK SMALL JEWELLED PHOTOFRAME,95.69999999999999,58,16
PINK SPOTS  WRAP ,2210.0,5600,99
PINK SPOTS CHOCOLATE NESTING BOXES ,971.45,439,55
PINK SPOTTY BOWL,3111.3300000000004,2697,97
PINK SPOTTY CHILDS UMBRELLA,2045.5,658,75
PINK SQUARE COMPACT MIRROR,7.5,2,2
PINK SQUARE TABLE CLOCK,111.65,123,10
PINK STAR CHRISTMAS DECORATION,31.759999999999998,34,6
PINK STITCHED WALL CLOCK,614.46,546,14
PINK STOCKING CHRISTMAS DECORATION,62.32,164,12
PINK STRAWBERRY HANDBAG ,88.50000000000001,30,8
PINK STRING CURTAIN WITH POLE,188.39999999999998,76,7
PINK STRIPE HOT WATER BOTTLE,570.4,208,22
PINK SWEETHEART BRACELET,556.75,131,21
PINK TALL PORCELAIN T-LIGHT HOLDER ,20.4,8,5
PINK TEATIME PRINT BOWL,88.75,71,14
PINK TV TRAY TABLE ,114.75,27,7
PINK UNION JACK  LUGGAGE TAG,846.71,678,61
PINK UNION JACK  PASSPORT COVER ,1030.38,493,62
PINK VINTAGE PAISLEY PICNIC BAG,5272.81,2565,172
PINK VINTAGE SPOT BEAKER,4154.48,4408,73
PINK VINTAGE VICTORIAN CHOKER,20.25,3,1
PINK VINTAGE VICTORIAN EARRINGS,47.2,16,4
PINK WHITE SPOTS GARDEN PARASOL,761.0500000000001,139,24
PINK YELLOW PATCH CUSHION COVER,666.15,327,3
PINK/AMETHYST/GOLD NECKLACE,48.650000000000006,7,3
PINK/BLUE DISC/MIRROR STRING,284.24,590,8
PINK/BLUE STRING CURTAIN ,187.2,96,1
PINK/BROWN DOTS RUFFLED UMBRELLA,6054.65,1811,49
PINK/FLOWER RABBIT EGG WARMER ,109.2,52,9
PINK/GREEN FLOWER DESIGN BIG MUG,17.16,20,9
PINK/PURPLE CIRCLE CURTAIN,89.68,50,6
PINK/PURPLE RETRO RADIO,224.20000000000002,76,10
"PINK/WHITE ""KEEP CLEAN"" BULLET BIN",165.20000000000002,56,10
PINK/WHITE CHRISTMAS TREE 30CM,3.25,5,1
PINK/WHITE CHRISTMAS TREE 60CM,767.6700000000001,1157,23
PINK/WHITE GLASS DEMI CHOKER,22.5,3,2
PINK/WHITE RIBBED MELAMINE JUG,473.82000000000005,62,21
PINK/YELLOW FLOWERS HANDBAG,296.75,229,26
PINK/YELLOW PATCH CUSHION COVER,0.0,0,1
PINK/YELLOW RABBIT SAT EASTER,1.26,3,1
PIZZA DISH SLICE ,30.0,24,1
PIZZA PLATE IN BOX,1803.6,519,55
PIZZA SLICE DISH,2655.2000000000003,2416,28
PLACE SETTING WHITE HEART,8445.81,21032,194
PLACE SETTING WHITE STAR,1796.21,4408,89
PLANTPOT SINGLE HOOK PISTACHIO,182.09,165,2
PLASMATRONIC LAMP,343.54,48,17
PLASTERS IN TIN CIRCUS PARADE ,14276.809999999998,8909,282
PLASTERS IN TIN MR STRONG ,277.79999999999995,180,8
PLASTERS IN TIN SKULLS,8165.999999999999,5104,222
PLASTERS IN TIN SPACEBOY,17774.55,11303,300
PLASTERS IN TIN STRONGMAN,12661.939999999999,7910,253
PLASTERS IN TIN VINTAGE PAISLEY ,11667.189999999999,7423,261
PLASTERS IN TIN WOODLAND ANIMALS,15869.229999999998,10023,281
PLAYING CARDS I LOVE LONDON ,1008.5,874,57
PLAYING CARDS JUBILEE UNION JACK,1409.98,1130,97
PLAYING CARDS KEEP CALM & CARRY ON,2675.21,2161,170
PLAYING CARDS VINTAGE DOILEY ,16.25,13,2
PLAYING CARDS VINTAGE DOILY ,665.23,551,52
PLEASE ONE PERSON  METAL SIGN,2805.3,1433,77
PLEASE ONE PERSON METAL SIGN,36193.8,18386,282
POCKET BAG BLUE PAISLEY RED SPOT,796.5100000000001,487,61
POCKET BAG PINK PAISELY BROWN SPOT,401.68,245,44
"POCKET MIRROR ""GLAMOROUS""",96.25,77,15
POCKET MIRROR BUTTERFLY ,2.5,2,2
POCKET MIRROR WOODLAND,56.25,45,6
POLKA DOT PEN,489.59999999999997,576,9
POLKA DOT PISTACHIO PAIL,352.02000000000004,177,19
POLKA DOT RAFFIA FOOD COVER,1964.96,691,68
POLKADOT COFFEE CUP & SAUCER PINK,718.57,895,27
POLKADOT CUTLERY 24 PCS IN TRAY,4990.7,494,20
POLKADOT MUG PINK ,243.05999999999997,166,16
POLKADOT PEN,6947.83,8563,88
POLKADOT PENS,40.8,48,1
POLKADOT RAIN HAT ,814.75,2273,51
POLYESTER FILLER PAD 30CMx30CM,188.75,151,22
POLYESTER FILLER PAD 40x40cm,2494.0,1720,118
POLYESTER FILLER PAD 45x30cm,171.1,118,19
POLYESTER FILLER PAD 45x45cm,2390.1,2190,105
POLYESTER FILLER PAD 60x40cm,22.95,9,3
POLYESTER FILLER PAD 65CMx65CM,365.5,86,20
POMPOM CURTAIN,2125.65,487,32
POP ART PEN CASE & PENS,67.99999999999997,80,12
POP ART PUSH DOWN RUBBER ,49.2,170,6
POP'S GREASY SPOON METAL SIGN,52.8,32,9
POP-ART FLUORESCENT PENS,20.16,48,1
POPART COL BALLPOINT PEN ASST,41.58,198,5
POPART RECT PENCIL SHARPENER ASST,99.60000000000001,730,17
POPART WOODEN PENCILS ASST,172.0,4100,28
POPCORN HOLDER,21137.9,28060,168
"POPCORN HOLDER , LARGE",1153.35,723,32
"POPCORN HOLDER , SMALL ",2021.36,2689,36
POPPY FIELDS CHOPPING BOARD,326.70000000000005,66,28
POPPY'S PLAYHOUSE BATHROOM,2703.9,1339,132
POPPY'S PLAYHOUSE BEDROOM ,4733.650000000001,2315,193
POPPY'S PLAYHOUSE KITCHEN,4979.51,2423,207
POPPY'S PLAYHOUSE LIVINGROOM ,3782.7200000000003,1856,169
PORCELAIN BUDAH INCENSE HOLDER,180.9,2079,13
PORCELAIN BUTTERFLY OIL BURNER,1825.45,775,56
PORCELAIN CHERUB BELL LARGE,8.25,5,3
PORCELAIN CHERUB BELL SMALL,-1.5600000000000023,20,9
PORCELAIN HANGING BELL LARGE,35.1,18,5
PORCELAIN HANGING BELL SMALL,69.6,48,9
PORCELAIN ROSE LARGE ,1283.5,1118,29
PORCELAIN ROSE SMALL,1410.55,1791,40
PORCELAIN T-LIGHT HOLDERS ASSORTED,1623.43,1388,60
POSTAGE,71394.31,3502,174
POSTE FRANCE CUSHION COVER,933.75,249,47
POSY CANDY BAG,476.7,945,19
POSY SHOPPER BAG,468.5,1210,6
POTTERING IN THE SHED METAL SIGN,13694.949999999999,7157,200
POTTERING MUG,4898.99,4082,152
POTTING SHED CANDLE CITRONELLA,1930.4199999999998,634,39
POTTING SHED COFFEE MUG,669.55,563,46
POTTING SHED ROSE CANDLE,1936.8799999999999,620,37
POTTING SHED SEED ENVELOPES,910.13,752,58
POTTING SHED SEED TIN,489.0,156,10
POTTING SHED SOW 'N' GROW SET,1055.75,415,26
POTTING SHED TEA MUG,6821.67,5843,208
POTTING SHED TWINE,3482.43,1743,96
PREMIUM CHURCH CANDLE,251.22000000000003,129,17
PRETTY HANGING QUILTED HEARTS,695.77,851,39
PRICE'S CANDLE PEACH,42.5,450,4
PSYCHEDELIC METAL SIGN CALENDAR,15.4,12,6
PSYCHEDELIC TILE COASTER,128.07999999999998,231,11
PSYCHEDELIC TILE HOOK,96.15,115,20
PSYCHEDELIC WALL THERMOMETER,772.67,645,20
PURPLE ACRYLIC FACETED BANGLE,184.0,124,8
PURPLE AMETHYST NECKLACE W TASSEL,39.8,4,4
PURPLE ANEMONE ARTIFICIAL FLOWER,257.97,333,10
PURPLE BERTIE GLASS BEAD BAG CHARM,86.4,84,5
PURPLE BOUDICCA LARGE BRACELET,145.95000000000002,21,8
PURPLE CHUNKY GLASS+BEAD NECKLACE,47.8,4,2
PURPLE CURRENT CANDLE RING,12.61,31,2
PURPLE DRAWERKNOB ACRYLIC EDWARDIAN,2760.06,2285,62
PURPLE DRESS JEWELLERY STAND,48.19,61,3
PURPLE ENAMEL FLOWER HAIR TIE,2.9499999999999993,1,2
PURPLE ENAMEL FLOWER RING,168.15000000000003,57,9
PURPLE ENAMEL+GLASS HAIR COMB,306.6,164,6
PURPLE FINE BEAD NECKLACE W TASSEL,11.9,2,2
PURPLE FOXGLOVE ARTIIFCIAL FLOWER,411.30000000000007,294,4
PURPLE FRANGIPANI HAIRCLIP,31.45,37,7
PURPLE FRANGIPANI NECKLACE,25.5,10,3
PURPLE GEMSTONE BRACELET,172.79999999999998,24,12
PURPLE GEMSTONE NECKLACE 45CM,63.75,5,3
PURPLE GLASS TASSLE BAG CHARM,8.850000000000001,3,2
PURPLE GREEN FLOWER PIGGY BANK,584.8499999999999,329,9
PURPLE LAS VEGAS BRACELET ROUND,30.0,8,3
PURPLE LEAVES AND BEADS PHONE CHAR,1.25,1,1
PURPLE ORCHID FLOWER LIGHTS,-15.9,-2,2
PURPLE PAPER PARASOL,1573.8,572,46
PURPLE PILLAR CANDLE BLACK FLOCK,404.5,310,5
PURPLE SWEETHEART BRACELET,369.75,87,17
PURPLE TINT ACRYLIC FLOWER VASE,5.95,7,1
PURPLE VINTAGE EARRINGS,112.5,30,6
PURPLE/BLUE CERAMIC CANDLE HOLDER,6.6,4,2
PURPLE/COPPER HANGING LAMPSHADE,9.35,11,5
PURPLE/TURQ FLOWERS HANDBAG,142.15,107,21
QUEEN OF SKIES LUGGAGE TAG,247.27,205,33
QUEEN OF THE SKIES HOLIDAY PURSE ,98.34,34,10
QUEEN OF THE SKIES PASSPORT COVER ,280.68,136,31
QUEENS GUARD COFFEE MUG,4095.92,1748,101
RABBIT  DESIGN  COTTON TOTE BAG,546.75,251,48
RABBIT EASTER DECORATION,38.35000000000001,13,3
RABBIT NIGHT LIGHT,46369.54,24610,270
RAIN GIRL CHILDS UMBRELLA,3.25,1,1
RAIN HAT WITH RED SPOTS,925.38,2529,37
RAIN PONCHO ,429.4,556,30
RAIN PONCHO RETROSPOT,6676.88,8552,82
RAIN PONCHO WITH RED SPOTS,2008.85,2753,51
RAINBOW PEGS PHOTO CLIP STRING,172.28,298,18
RAINY LADIES BIRTHDAY CARD,1640.71,4134,104
RASPBERRY ANT COPPER FLOWER NECKLAC,83.30000000000001,14,8
RASTA IN BATH W SPLIFF ASHTRAY,4.25,5,3
RATTLE SNAKE EGGS,545.09,737,47
RECIPE BOX BLUE SKETCHBOOK DESIGN,4796.06,1706,172
RECIPE BOX PANTRY YELLOW DESIGN,21492.620000000003,7614,362
RECIPE BOX RETRO SPOT DESIGN,2078.8500000000004,747,89
RECIPE BOX RETROSPOT ,8861.9,3210,200
RECIPE BOX WITH METAL HEART,5999.1,798,82
"RECORD FRAME 7"" SINGLE SIZE ",13259.070000000002,6050,56
RECTANGULAR SHAPED MIRROR,408.18,452,25
RECYCLED ACAPULCO MAT BLUE,1916.35,235,62
RECYCLED ACAPULCO MAT GREEN,2625.05,321,67
RECYCLED ACAPULCO MAT LAVENDER,1554.45,189,51
RECYCLED ACAPULCO MAT PINK,1731.9,214,65
RECYCLED ACAPULCO MAT RED,2591.0,316,67
RECYCLED ACAPULCO MAT TURQUOISE,3152.0,384,83
RECYCLED PENCIL WITH RABBIT ERASER,665.55,3345,66
RECYCLING BAG RETROSPOT ,23408.08,12062,228
RED   ACRYLIC FACETED BANGLE,144.25,97,7
RED  EGG  SPOON,156.9,980,46
RED  HARMONICA IN BOX ,25413.0,22228,244
RED  SPOTTY COFFEE  MUG,1085.7,591,22
RED 3 PIECE MINI DOTS CUTLERY SET,11136.42,3104,155
RED 3 PIECE RETROSPOT CUTLERY SET,6992.46,1938,98
RED AND WHITE SPOT TAPE,203.45000000000002,313,24
RED APPLES CHOPPING BOARD   ,500.85,107,24
RED BABY BUNTING ,4041.8,1404,146
RED BIRD HOUSE TREE DECORATION,293.07,447,22
RED BOUDICCA LARGE BRACELET,127.60000000000001,19,8
RED CHARLIE+LOLA PERSONAL DOORSIGN,663.38,1454,65
RED COAT RACK PARIS FASHION,1395.0900000000001,315,57
RED DAISY PAPER LAMPSHADE,258.82,218,15
RED DAISY POCKET BOOK ,149.53,175,25
RED DINER WALL CLOCK,10991.09,1342,165
RED DRAGONFLY HELICOPTER,373.65000000000003,47,28
RED DRAWER KNOB ACRYLIC EDWARDIAN,2335.15,2016,48
RED ENAMEL FLOWER RING,171.10000000000002,58,11
RED ENCHANTED FOREST PLACEMAT,1081.5,670,38
RED FLOCK LOVE HEART PHOTO FRAME,804.9399999999999,1262,56
RED FLORAL FELTCRAFT SHOULDER BAG,7368.54,2041,150
RED FLOWER CROCHET FOOD COVER,2375.39,641,88
RED GINGHAM ROSE JEWELLERY BOX,6462.299999999999,3856,204
RED GINGHAM TEDDY BEAR ,3242.28,1172,110
RED GLASS TASSLE BAG CHARM,26.550000000000004,9,4
RED HANGING HEART T-LIGHT HOLDER,35111.25,12267,348
RED HANGING METAL STAR TLIGHT HLDR,2643.42,770,28
RED HEART CANDY POP LIGHTS,-4.95,-1,3
RED HEART LUGGAGE TAG,460.22,370,50
RED HEART SHAPE LOVE BUCKET ,4877.35,2149,103
RED HEARTS LIGHT CHAIN ,842.69,381,31
RED KITCHEN SCALES,13633.130000000001,1692,239
RED KUKUI COCONUT SEED NECKLACE,83.8,64,8
RED LOVE HEART SHAPE CUP,1676.7099999999998,2035,83
RED METAL BEACH SPADE ,2817.57,2415,119
RED METAL BOX TOP SECRET,6134.28,780,79
RED ORGANIC CANDLE IN GLASS,432.05,457,15
RED PAPER PARASOL,2896.39,1061,54
RED PEONY CUSHION COVER ,471.55,307,6
RED PEONY DES C/COVER ,37.2,8,4
RED PEONY PHOTO FRAME ,32.550000000000004,7,3
RED PEONY TABLE CLOCK,92.14999999999999,17,7
RED POLKA DOT TISSUE BOX,225.0,180,33
RED POLKADOT BEAKER ,1172.4099999999999,2931,54
RED POLKADOT COFFEE  MUG,532.89,1305,30
RED POLKADOT PUDDING BOWL,-442.41,-3619,5
RED POPPY ARTIFICIAL FLOWER,192.27,219,5
RED PUDDING SPOON,87.66,518,26
RED PURSE WITH PINK HEART,38.9,34,4
RED REFECTORY CLOCK ,1734.65,187,52
RED REINDEER STRING OF 20 LIGHTS,297.95,65,15
RED RETRO BAR STOOL,235.70000000000002,6,3
RED RETRO KITCHEN WALL CLOCK,268.95,33,14
RED RETROSPOT APRON ,2730.4,498,63
RED RETROSPOT BIG BOWL,554.4000000000001,112,19
RED RETROSPOT BOWL,4673.49,4075,124
RED RETROSPOT BUTTER DISH,5760.1900000000005,1210,131
RED RETROSPOT CAKE STAND,31479.44,3154,270
RED RETROSPOT CHARLOTTE BAG,9248.32,11659,234
RED RETROSPOT CHILDRENS UMBRELLA,3539.16,1114,118
RED RETROSPOT CUP,2668.96,3353,112
RED RETROSPOT JUMBO BAG ,7896.0,4572,110
RED RETROSPOT LUGGAGE TAG,405.0,324,36
RED RETROSPOT MINI CASES,9393.1,1322,147
RED RETROSPOT MUG,7832.35,2877,104
RED RETROSPOT OVEN GLOVE ,3936.88,3396,122
RED RETROSPOT OVEN GLOVE DOUBLE,1949.1500000000003,677,80
RED RETROSPOT PEG BAG,5352.7,2370,157
RED RETROSPOT PICNIC BAG,14089.109999999999,5111,219
RED RETROSPOT PLATE ,4010.91,2571,99
RED RETROSPOT PUDDING BOWL,1864.75,451,69
RED RETROSPOT PURSE ,969.8000000000002,332,48
RED RETROSPOT ROUND CAKE TINS,9727.0,1040,134
RED RETROSPOT SHOPPER BAG,4986.07,4236,167
RED RETROSPOT SHOPPING BAG,1037.31,413,45
RED RETROSPOT SMALL MILK JUG,8785.05,3701,211
RED RETROSPOT STORAGE JAR,2703.75,745,97
RED RETROSPOT SUGAR JAM BOWL,5064.9,2162,145
RED RETROSPOT TAPE,476.49000000000007,1077,58
RED RETROSPOT TEA CUP AND SAUCER ,3482.03,1055,93
RED RETROSPOT TISSUE BOX,645.76,1315,63
RED RETROSPOT TOASTRACK,260.1,78,23
RED RETROSPOT TRADITIONAL TEAPOT ,11583.99,1701,165
RED RETROSPOT UMBRELLA,11530.77,2100,155
RED RETROSPOT WASHBAG,109.2,52,7
RED RETROSPOT WRAP ,3946.54,9637,176
RED ROCKING HORSE HAND PAINTED,1750.49,1477,53
RED ROSE AND LACE C/COVER,380.55,129,21
RED SHARK HELICOPTER,477.0,60,33
RED SPOT CERAMIC DRAWER KNOB,8444.04,7109,164
RED SPOT HEART HOT WATER BOTTLE,8507.5,1842,171
RED SPOT PAPER GIFT BAG,1620.1799999999998,2049,76
RED SPOTS  WRAP ,3167.5,7875,155
RED SPOTTY APRON ,2675.2000000000003,466,63
RED SPOTTY BEAKER ,74.1,38,5
RED SPOTTY BIG BOWL,1250.4,256,39
RED SPOTTY BISCUIT TIN,12417.7,3606,162
RED SPOTTY BOWL,3942.55,3398,120
RED SPOTTY CANDY BAG,364.9,298,24
RED SPOTTY CHARLOTTE BAG,6363.05,8048,173
RED SPOTTY CHILDS APRON,3239.25,1781,125
RED SPOTTY CHILDS UMBRELLA,3061.25,989,88
RED SPOTTY COIR DOORMAT,5238.0,896,86
RED SPOTTY CUP,2733.18,3366,117
RED SPOTTY EGG CUP ,739.03,635,21
RED SPOTTY LUGGAGE TAG,777.94,626,58
RED SPOTTY OVEN GLOVE ,2500.44,2080,107
RED SPOTTY OVEN GLOVE DOUBLE,2715.15,997,45
RED SPOTTY PASSPORT COVER,2.1,1,1
RED SPOTTY PEG BAG,2857.8500000000004,1512,110
RED SPOTTY PLATE ,3854.2599999999998,2434,96
RED SPOTTY PUDDING BOWL,648.5400000000001,3733,9
RED SPOTTY PURSE ,1279.0000000000002,436,54
RED SPOTTY ROUND CAKE TINS,9109.949999999999,961,149
RED SPOTTY SHOPPER BAG,5756.95,5019,138
RED SPOTTY SHOPPING BAG,1274.85,501,48
RED SPOTTY TABLECLOTH ,2746.2000000000003,268,55
RED SPOTTY WASHBAG,595.6800000000001,286,35
RED STAR CARD HOLDER,3106.6400000000003,1220,132
RED STONE/CRYSTAL EARRINGS,17.700000000000003,6,1
RED STRIPE CERAMIC DRAWER KNOB,9137.58,7589,145
RED TEA TOWEL CLASSIC DESIGN,1891.3,1586,108
RED TOADSTOOL LED NIGHT LIGHT,34287.46,22358,213
RED TOP SCANDINAVIAN HEART ,1.52,4,2
RED VICTORIAN FABRIC HEART BOX,38.64,92,10
RED VICTORIAN FABRIC OVAL BOX,443.33,1197,46
RED VINTAGE SPOT BEAKER,1110.6,1380,74
RED WALL CLOCK,459.0,60,1
RED WHITE SCARF  HOT WATER BOTTLE,5609.3,1534,129
RED WOOLLY HOTTIE WHITE HEART.,27724.140000000003,8162,290
RED/CREAM STRIPE CUSHION COVER ,757.4,612,47
RED/CREAM STRIPE FRINGE HAMMOCK,1569.8,204,47
RED/WHITE DOT MINI CASES,6125.55,881,97
RED/WHITE DOTS RUFFLED UMBRELLA,11425.550000000001,2817,129
RED/WHITE SPOT PICNIC BAG,2531.95,941,45
REDWHITE STRIPE SCANDINAVIAN HEART ,37.620000000000005,99,13
REGENCY CAKE FORK,1066.8,924,32
REGENCY CAKE SLICE,2029.7600000000002,453,43
REGENCY CAKESTAND 3 TIER,213890.5,18770,562
REGENCY MILK JUG PINK ,7658.5,2624,138
REGENCY MIRROR WITH SHUTTERS,1365.0,9,5
REGENCY SUGAR BOWL GREEN,9724.94,2496,121
REGENCY SUGAR TONGS,3080.8300000000004,1356,55
REGENCY TEA PLATE GREEN ,7612.899999999999,4990,127
REGENCY TEA PLATE PINK,4566.429999999999,2927,107
REGENCY TEA PLATE ROSES ,7538.139999999999,4866,150
REGENCY TEA SPOON,849.5,730,26
REGENCY TEA STRAINER,3426.31,975,60
REGENCY TEAPOT ROSES ,19911.52,2322,160
REINDEER HEART DECORATION GOLD,522.9399999999999,626,29
REINDEER HEART DECORATION SILVER,792.56,920,45
RELAX LARGE WOOD LETTERS,1097.55,129,25
RESIN BRACELET W PASTEL BEADS,34.650000000000006,7,4
RESIN NECKLACE W PASTEL BEADS,67.5,9,6
RETO LEAVES MAGNETIC SHOPPING LIST,34.8,24,2
"RETRO ""TEA FOR ONE"" ",179.1,38,14
RETRO BLUE SPOTTY WASHING UP GLOVES,833.7,547,54
RETRO BROWN BALL ASHTRAY ,207.9,174,7
RETRO COFFEE MUGS ASSORTED,5124.12,4555,80
RETRO LAUNDRY TUB PINK,272.0,32,17
RETRO LAUNDRY TUB PISTACHIO,416.5,49,21
RETRO LEAVES MAGNETIC NOTEPAD,111.64999999999999,77,14
RETRO LONGBOARD IRONING BOARD COVER,166.25,111,19
RETRO MOD TRAY,764.6899999999999,947,59
"RETRO PILL BOX , REVOLUTIONARY",33.199999999999996,180,4
"RETRO PILL BOX KEY CHAIN,THE KING",42.7,230,8
RETRO PINK BALL ASHTRAY ,308.3,262,9
RETRO PINK SPOT WASHING UP GLOVES,308.70000000000005,147,22
RETRO PLASTIC 70'S TRAY,290.33,547,30
RETRO PLASTIC DAISY TRAY,259.8,551,34
RETRO PLASTIC ELEPHANT TRAY,702.03,975,59
RETRO PLASTIC POLKA TRAY,685.9499999999999,1529,50
RETRO RED SPOTTY WASHING UP GLOVES,4608.18,2453,122
RETRO SISTERS EXPRESSO CUPS,142.0,40,12
RETRO SPORT PARTY BAG + STICKER SET,2419.8999999999996,1550,84
RETRO SPOT  CIGAR BOX MATCHES ,2715.75,2355,86
RETRO SPOT CAKE STAND,11386.65,1087,119
RETRO SPOT CANDLE  LARGE,516.4499999999999,211,20
RETRO SPOT CANDLE  MEDIUM,374.70000000000005,187,14
RETRO SPOT CANDLE  SMALL,405.22,250,21
RETRO SPOT CERAMIC TOASTRACK,601.6500000000001,177,34
RETRO SPOT GIANT  TUBE MATCHES,1878.3,816,38
RETRO SPOT LAMP,2972.6499999999996,311,69
RETRO SPOT LARGE MILK JUG,4333.5,920,142
RETRO SPOT MUG,2744.7000000000003,1002,54
RETRO SPOT PADDED SEAT CUSHION,651.69,183,21
RETRO SPOT PARTY BAG + STICKER SET,1261.8,852,19
RETRO SPOT SMALL MILK JUG,2453.4,1017,98
RETRO SPOT SMALL TUBE MATCHES,2056.5,1322,55
RETRO SPOT STORAGE JAR,1451.64,404,47
RETRO SPOT SUGAR JAM BOWL,1168.2,492,59
RETRO SPOT TEA SET CERAMIC 11 PC ,12453.82,2711,216
RETRO SPOT TRADITIONAL TEAPOT ,4826.150000000001,657,87
RETRO SPOTS BUTTER DISH,2242.15,491,56
RETRO SPOTS PUDDING BOWL,715.0,172,31
"RETRO TIN ASHTRAY,REVOLUTIONARY",18.24,48,3
RETROSPOT BABUSHKA DOORSTOP,424.55,209,41
RETROSPOT CANDLE  LARGE,583.39,557,26
RETROSPOT CANDLE  MEDIUM,461.96000000000004,497,24
RETROSPOT CANDLE  SMALL,508.15000000000003,743,33
RETROSPOT CHILDRENS APRON,6596.47,3627,178
RETROSPOT CIGAR BOX MATCHES ,2031.53,2017,92
RETROSPOT GIANT TUBE MATCHES,3840.15,1705,60
RETROSPOT HEART HOT WATER BOTTLE,18186.83,3885,273
RETROSPOT LAMP,2335.7999999999997,240,61
RETROSPOT LARGE MILK JUG,5712.55,1201,158
RETROSPOT PADDED SEAT CUSHION,4118.38,1148,70
RETROSPOT PARTY BAG + STICKER SET,5791.78,3770,122
RETROSPOT RED WASHING UP GLOVES,2651.58,1347,117
RETROSPOT SMALL TUBE MATCHES,1568.25,965,75
RETROSPOT TEA SET CERAMIC 11 PC ,19581.73,4093,300
RETROSPOT WOODEN HEART DECORATION,960.62,1154,74
REVOLVER WOODEN RULER ,6462.089999999999,3537,138
REX CASH+CARRY JUMBO SHOPPER,1939.8999999999999,2042,257
RHOMBUS CRYSTAL PERFUME BOTTLE,3.9,2,1
RIBBON REEL CHRISTMAS PRESENT ,3320.09,2025,172
RIBBON REEL CHRISTMAS SOCK BAUBLE,3297.54,1962,170
RIBBON REEL FLORA + FAUNA ,1349.27,811,89
RIBBON REEL HEARTS DESIGN ,5187.39,3231,202
RIBBON REEL LACE DESIGN ,5885.3,2918,129
RIBBON REEL MAKING SNOWMEN ,2766.71,1687,140
RIBBON REEL POLKADOTS ,1783.5,1110,95
RIBBON REEL SNOWY VILLAGE,4529.38,2830,154
RIBBON REEL SOCKS AND MITTENS,1433.58,886,75
RIBBON REEL SPOTS DESIGN ,2293.0,1420,104
RIBBON REEL STRIPES DESIGN ,6874.38,4262,236
"RIBBON REEL, MAKING SNOWMEN ",66.0,40,4
"RIBBON REEL, XMAS SOCK/BAUBLE",685.5,430,26
RIBBONS PURSE ,566.39,291,33
RIDGED BONNE JAM JAR T-LIGHT HOLDER,188.08999999999997,113,13
RIDGED GLASS FINGER BOWL,331.7,682,30
RIDGED GLASS PENDANT LAMPSHADE,663.9,42,7
RIDGED GLASS POSY VASE ,536.6,380,32
RIDGED GLASS STORAGE JAR CREAM LID,570.3299999999999,159,27
RIDGED GLASS T-LIGHT HOLDER,261.3,402,20
RING OF ROSES BIRTHDAY CARD,1185.54,3013,89
RIO PINK STRIPE HAMMOCK,7.95,1,1
RIVIERA NECKLACE,84.15,17,4
ROBIN CHRISTMAS CARD,399.59999999999997,972,39
ROBOT BIRTHDAY CARD,1994.1399999999999,4818,146
ROBOT MUG IN DISPLAY BOX,210.66,174,24
ROCKING HORSE GREEN CHRISTMAS ,1721.48,2084,125
ROCKING HORSE RED CHRISTMAS ,2936.63,3587,167
ROCOCO WALL MIRROR WHITE,952.5,50,33
ROLL WRAP 50'S CHRISTMAS,2543.0299999999997,2107,153
ROLL WRAP 50'S RED CHRISTMAS ,1362.26,1114,98
ROLL WRAP VINTAGE CHRISTMAS,2273.39,1855,137
ROLL WRAP VINTAGE SPOT ,2120.89,1733,129
ROMANTIC IMAGES GIFT WRAP SET,497.70000000000005,469,43
ROMANTIC IMAGES NOTEBOOK SET,565.5,426,20
ROMANTIC IMAGES SCRAP BOOK SET,384.15,257,17
ROMANTIC PINKS RIBBONS ,2357.82,1909,177
ROSE 1 WICK MORRIS BOXED CANDLE,945.53,499,46
ROSE 3 WICK MORRIS BOX CANDLE,1716.07,979,57
ROSE CARAVAN DOORSTOP,4269.36,764,119
ROSE COLOUR PAIR HEART HAIR SLIDES,33.75,9,5
ROSE COTTAGE KEEPSAKE BOX ,7593.5,849,107
ROSE DES PADDED FLOOR CUSHION,1327.45,431,20
ROSE DU SUD CHILDRENS APRON,59.5,14,6
ROSE DU SUD CHILDS APRON,208.25,49,13
ROSE DU SUD COSMETICS BAG,1293.25,569,19
ROSE DU SUD CUSHION COVER,57.15,9,5
ROSE DU SUD CUSHION COVER ,207.9,42,13
ROSE DU SUD DRAWSTRING BAG,344.25,81,14
ROSE DU SUD OVEN GLOVE,404.30000000000007,138,31
ROSE DU SUD WASHBAG ,226.10000000000002,38,15
ROSE FLOWER CANDLE+INCENSE 16X16CM,48.75,13,3
ROSE FOLKART HEART DECORATIONS,1119.3799999999999,1361,50
ROSE PENDANT TRIPLE SHELL NECKLACE,14.850000000000001,3,1
ROSE PINK METAL FOLDING CHAIR,206.7,26,7
ROSE SCENT CANDLE IN JEWELLED BOX,2563.33,633,52
ROSE SCENT CANDLE JEWELLED DRAWER,928.69,581,26
ROSE SCENT CANDLES IN GLASS,212.07,255,24
ROSES BLUE BASE CUSHION COVER ,3.3,2,1
ROSES IN WHITE HEART CANDLE ,589.5600000000001,1176,19
ROSES ON BLUE TEACUP CANDLE ,28.73,17,2
ROSES REGENCY TEACUP AND SAUCER ,24480.25,9051,268
ROSES WHITE ROUND CANDLE,282.27,699,6
ROTATING LEAVES T-LIGHT HOLDER,2558.38,1973,73
ROTATING SILVER ANGELS T-LIGHT HLDR,49517.02,16711,153
ROUND ARTICULATED BLUE CLOCK W/SUCK,2.55,3,3
ROUND ARTICULATED PINK CLOCK W/SUCK,9.57,33,5
ROUND BLUE CLOCK W/SUCKER,35.75,47,5
ROUND BLUE CLOCK WITH SUCKER,10.45,55,5
ROUND CACTUS CANDLE,357.55,205,18
ROUND CAKE TIN VINTAGE GREEN,3768.13,504,123
ROUND CAKE TIN VINTAGE RED,6323.4800000000005,856,151
ROUND CONTAINER SET OF 5 RETROSPOT,5423.049999999999,3505,155
ROUND FOOD CONTAINER S/5 RETROSPOT,19.799999999999997,12,1
ROUND GEORGIAN SILVER MIRROR,220.50000000000003,70,8
ROUND PINK HEART MIRROR,205.8,98,15
ROUND PURPLE CLOCK W/SUCKER,68.9,86,6
ROUND PURPLE CLOCK WITH SUCKER,32.68,172,12
"ROUND SNACK BOXES ,SET 4, FRUITS ",88.5,30,1
"ROUND SNACK BOXES ,SET4, WOODLAND ",123.9,42,1
ROUND SNACK BOXES SET OF 4 FRUITS ,24576.39,9013,229
ROUND SNACK BOXES SET OF 4 SKULLS,5558.950000000001,1977,143
ROUND SNACK BOXES SET OF4 WOODLAND ,34010.17,12499,237
ROUND STORAGE TIN VINTAGE LEAF,1397.11,773,68
ROUND WHITE CONFETTI IN TUBE,199.64999999999998,121,12
RUBY DROP CHANDELIER EARRINGS,45.0,12,3
RUBY GLASS CLUSTER BRACELET,65.45,11,5
RUBY GLASS CLUSTER EARRINGS,1.25,1,1
RUBY GLASS CLUSTER NECKLACE,67.5,9,3
RUSSIAN FOLKART STACKING TINS,4.95,1,1
RUSTIC  SEVENTEEN DRAWER SIDEBOARD,4135.0,27,17
RUSTIC MIRROR WITH LACE HEART,1849.2600000000002,394,37
RUSTIC STRAWBERRY JAM POT LARGE ,379.05,185,24
RUSTIC STRAWBERRY JAM POT SMALL,486.9,314,17
RUSTIC STRAWBERRY JAMPOT LARGE ,213.60000000000002,108,5
RUSTIC STRAWBERRY JAMPOT SMALL,39.599999999999994,24,2
"RUSTIC WOODEN CABINET, GLASS DOORS",2755.87,155,14
S/12 MINI RABBIT EASTER,465.9,294,38
S/12 VANILLA  BOTANICAL T-LIGHTS,1097.5500000000002,381,55
S/15 SILVER GLASS BAUBLES IN BAG,1386.67,1175,66
S/16 BLACK SHINY/MAT BAUBLES,20.16,48,1
S/16 VINTAGE BLACK CUTLERY,382.5,30,8
S/16 VINTAGE IVORY CUTLERY,2353.8,188,25
S/16 VINTAGE PISTACHIO CUTLERY,1841.6999999999998,158,14
S/16 VINTAGE RED CUTLERY,1446.4499999999998,127,10
S/16 VINTAGE ROSE CUTLERY,1045.5,82,19
S/16 VINTAGE SKY BLUE CUTLERY,369.75,29,13
S/2 BEACH HUT STOOLS,63.6,8,5
S/2 BEACH HUT TREASURE CHESTS,465.45,243,16
S/2 HYACINTH BULB CANDLES,2.55,1,1
S/2 ZINC HEART DESIGN PLANTERS,238.79999999999998,24,19
S/3 COLOURS FLOCK TEA TOWELS,2.55,1,1
S/3 ENGLISH LAVENDER SQU CANDLE,16.5,10,4
S/3 FLWR FAIRY LAVENDER CANDLES,850.05,402,6
S/3 FLWR FAIRY LILLY CANDLES,583.8,278,6
S/3 FLWR FAIRY ROSE CANDLES,67.2,32,3
S/3 FLWR FAIRY SUMMER CANDLES,201.6,96,6
S/3 FRENCH VANILLA SQU CANDLE,24.75,15,7
S/3 PINK COL METAL BASKET W HANDLE,573.1500000000001,89,19
S/3 PINK SQUARE PLANTERS ROSES,208.04999999999998,19,10
S/3 POT POURI CUSHIONS BLUE COLOURS,29.400000000000002,14,2
S/3 PUPPIES CHRISTMAS DECORATIONS,106.2,36,3
S/3 RABBIT FLOWER/EGG/CARROT ROPE,68.85,81,10
S/3 ROSE GARDEN SCENT SQU CANDLE,1.65,1,1
S/3 TEAR DROP CUT GLASS DECORATION,271.5,390,12
S/4 BLACK DINNER CANDLE SILVER FLOC,628.26,642,12
S/4 BLACK DISCO PARTITION PANEL,12.75,3,1
S/4 BLACK LOVEBIRD COASTERS,17.849999999999998,7,2
S/4 BLACK MINI ROSE CANDLE IN BOWL,166.6,280,13
S/4 BLUE DINNER CANDLE SILVER FLOCK,387.27000000000004,357,16
S/4 BLUE ROUND DECOUPAGE BOXES,897.0,340,27
S/4 BURGUNDY WINE DINNER CANDLES,175.16,172,13
S/4 CACTI CANDLES,3647.42,844,59
S/4 CONTEMPORY PINK ROSEBUD CANDLES,2.1,1,1
S/4 FESTIVE GREEN DINNER CANDLES,106.41,117,12
S/4 FESTIVE RED DINNER CANDLES,188.75,151,11
S/4 GROOVY CAT MAGNETS,149.76999999999998,99,17
S/4 HEART CRYSTAL FRIDGE MAGNETS,-4.949999999999999,-3,1
"S/4 ICON COASTER,ELVIS LIVES",38.11,47,14
S/4 IVORY MINI ROSE CANDLE IN BOWL,863.2299999999999,775,32
S/4 PINK DINNER CANDLE SILVER FLOCK,413.49,359,16
S/4 PINK FLOWER CANDLES IN BOWL,1949.3899999999999,1183,98
S/4 PISTACHIO LOVEBIRD COASTERS,82.65,63,3
S/4 PURPLE DINNER CANDLE BLK FLOCK,637.1700000000001,627,12
S/4 ROSE    BOTANICAL  CANDLE,203.25,55,14
S/4 ROSE PINK DINNER CANDLES,113.1,126,11
S/4 SKY BLUE DINNER CANDLES,116.85,129,10
S/4 VALENTINE DECOUPAGE HEART BOX,2619.9,1472,87
S/5 MINI ICE CREAM FRIDGE MAGNETS,-4.35,-3,1
S/6 CHRISTMAS TREE PLACE SETTING,3.75,1,1
"S/6 HALLOWEEN GHOST T LIGHTS, 5CM H",386.4,920,27
S/6 MULTICOLOUR ORNAMENETAL CANDLE,35.7,42,8
S/6 PAPER BOXES BLOSSOM IMAGES ,34.0,8,3
S/6 PAPER BOXES CURIOUS IMAGES ,12.75,3,1
S/6 PAPER BOXES ROMANTIC IMAGES,8.5,2,2
S/6 PINK EASTER DECS IN BOX,60.349999999999994,71,10
S/6 SEW ON CROCHET FLOWERS,138.75,111,16
S/6 SILVER ORNAMENETAL CANDLE,56.95,67,9
S/6 WOODEN SKITTLES IN COTTON BAG,5164.46,1842,144
S/60 PINK FLUFFY CHICKS IN BOX,156.15,73,5
SALLE DE BAIN HOOK,1880.6100000000001,1521,96
SALT AND PEPPER SHAKERS TOADSTOOLS,327.57,273,19
SANDALWOOD FAN,1841.75,2867,63
SANDALWOOD INCENSE IN TIN,17.5,14,5
SANDWICH BATH SPONGE,2507.0,2036,62
SAVE THE PLANET COTTON TOTE BAG,2086.5,938,111
SAVE THE PLANET MUG,9458.83,8558,163
SAVOY ART DECO CLOCK,2010.3999999999999,272,54
SCALLOP SHELL SOAP DISH,144.9,69,11
SCANDINAVIAN 3 HEARTS NAPKIN RING,353.56,1342,35
SCANDINAVIAN PAISLEY PICNIC BAG,5056.01,2498,174
SCANDINAVIAN REDS RIBBONS,5129.62,4071,227
SCENTED CANDLE IN DIGITALIS TIN,226.8,108,19
SCENTED VELVET LOUNGE CANDLE ,1274.4,3024,27
SCHOOL DESK AND CHAIR ,744.75,12,10
SCOTTIE DOG HOT WATER BOTTLE,31691.350000000002,6847,336
SCOTTIE DOGS BABY BIB,588.74,1328,46
SCOTTIE DOGS CHILDRENS OVERALL,6.300000000000001,3,1
SCOTTIES CHILDRENS APRON,388.95,259,37
SCOTTIES DES CHILD'S APRON,290.4,176,29
SCOTTIES DESIGN BABY BIB,73.75,59,8
SCOTTIES DESIGN CHILD'S OVERALL,79.8,38,10
SCOTTIES DESIGN WASHBAG,313.95,161,37
SCOTTS ROSES TILE COASTER,23.75,19,4
SCULPTED ROUND IVORY CANDLE ,3.3600000000000003,16,2
SEAGRASS S/2 CORNER LAUNDRY ,51.9,4,3
SEAGRASS S/3 SQU LAUNDRY BOX,110.0,11,1
SEASIDE FLYING DISC,914.97,759,58
SEASIDE FRISBEE ,236.76,204,13
SEASIDE STRIPE HAMMOCK,822.75,105,29
SET 10 LIGHTS NIGHT OWL,5645.3,870,99
SET 10 NIGHT OWL LIGHTS,1857.8400000000001,286,38
SET 12 COLOUR PENCILS DOILEY,20.8,32,2
SET 12 COLOUR PENCILS DOLLY GIRL ,946.6,1460,73
SET 12 COLOUR PENCILS LOVE LONDON,396.70000000000005,614,55
SET 12 COLOUR PENCILS SPACEBOY ,1218.95,1879,103
SET 12 COLOURING PENCILS DOILEY,0.65,1,1
SET 12 COLOURING PENCILS DOILY,592.8000000000001,912,61
SET 12 KIDS  WHITE CHALK STICKS,2323.86,5702,144
SET 12 KIDS COLOUR  CHALK STICKS,4255.36,10690,203
SET 12 LAVENDER  BOTANICAL T-LIGHTS,2760.2000000000003,1004,68
SET 12 PEAR BOTANICAL T-LIGHTS,943.2,336,34
SET 12 RETRO WHITE CHALK STICKS,3374.5,8423,178
SET 12 VINTAGE DOILY CHALK ,432.18,1029,62
SET 12 WILDFLOWER BOTANICAL T-LIGHT,1254.75,453,41
SET 2 PANTRY DESIGN TEA TOWELS,6308.67,2059,132
SET 2 TEA TOWELS I LOVE LONDON ,4132.8,1376,61
SET 20 NAPKINS FAIRY CAKES DESIGN ,2278.33,2875,155
SET 3 JARDIN DE FEMME SCENT CANDLES,391.06,282,6
SET 3 PAPER VINTAGE CHICK PAPER EGG,3579.15,1293,115
"SET 3 RED SPOT TIN TEA,COFFEE,SUGAR",5276.2,1154,72
"SET 3 RETROSPOT TEA,COFFEE,SUGAR",7788.22,1736,110
SET 3 SONG BIRD PAPER EGGS ASSORTED,2493.05,911,81
SET 3 WICKER LOG BASKETS,5173.65,287,50
SET 3 WICKER OVAL BASKETS W LIDS,5898.42,456,27
SET 3 WICKER STORAGE BASKETS ,2582.5499999999997,189,45
SET 36 COLOUR PENCILS DOILEY,60.0,48,2
SET 36 COLOUR PENCILS DOLLY GIRL,1099.54,938,43
SET 36 COLOUR PENCILS LOVE LONDON,809.54,706,45
SET 36 COLOUR PENCILS SPACEBOY ,1327.04,1120,61
SET 36 COLOURING PENCILS DOILEY,1.25,1,1
SET 36 COLOURING PENCILS DOILY,1207.6100000000001,1005,51
SET 4 EASTER DECOUPAGE OVAL BOXES,20.650000000000002,7,2
SET 4 NURSERY DES ROUND BOXES,76.45,43,12
SET 4 PICNIC CUTLERY BLUEBERRY,128.7,66,7
SET 4 PICNIC CUTLERY CHERRY ,78.0,40,5
SET 4 PICNIC CUTLERY FONDANT,103.35,53,5
SET 4 VALENTINE DECOUPAGE HEART BOX,258.63,89,21
SET 40 HEART SHAPE PETIT FOUR CASES,5491.4,3524,80
SET 5 MINI DOUGHNUT FRIDGE MAGNET ,202.8,120,4
SET 5 MINI GATEAUX  FRIDGE MAGNETS,81.12,48,2
SET 6 FOOTBALL CELEBRATION CANDLES,1216.8,1248,80
SET 6 PAPER TABLE LANTERN HEARTS ,5805.43,1633,121
SET 6 PAPER TABLE LANTERN STARS ,4875.46,1357,96
SET 6 SCHOOL MILK BOTTLES IN CRATE,5316.66,1506,106
SET 7 BABUSHKA NESTING BOXES,17812.190000000002,2270,178
SET 72 CAKE CASES VINTAGE CHRISTMAS,39.6,72,3
SET 8 CANDLES VINTAGE DOILEY,146.1,86,4
SET 8 CANDLES VINTAGE DOILY,1655.1,882,64
SET OF 10 LANTERNS FAIRY LIGHT STAR,829.99,199,43
SET OF 10 LED DOLLY LIGHTS,10737.52,1811,175
SET OF 12  VINTAGE POSTCARD SET,1196.17,1519,48
SET OF 12 FAIRY CAKE BAKING CASES,5119.8099999999995,6583,178
SET OF 12 FORK CANDLES,2822.27,1043,56
SET OF 12 LILY BOTANICAL T-LIGHTS,1228.65,423,49
SET OF 12 MINI BUNNIES IN A BUCKET,414.24,216,37
SET OF 12 MINI LOAF BAKING CASES,3508.5099999999998,4489,134
SET OF 12 ROSE BOTANICAL T-LIGHTS,3092.9500000000003,1129,69
SET OF 12 T-LIGHTS VINTAGE DOILEY,72.14999999999999,37,4
SET OF 12 T-LIGHTS VINTAGE DOILY,1390.1999999999998,748,47
SET OF 16 VINTAGE BLACK CUTLERY,1073.31,90,17
SET OF 16 VINTAGE IVORY CUTLERY,25.5,2,2
SET OF 16 VINTAGE PISTACHIO CUTLERY,1071.0,84,26
SET OF 16 VINTAGE RED CUTLERY,751.17,57,23
SET OF 16 VINTAGE ROSE CUTLERY,1953.6,160,28
SET OF 16 VINTAGE SKY BLUE CUTLERY,1002.3,82,18
SET OF 2 CERAMIC CHRISTMAS REINDEER,1439.6799999999998,1240,39
SET OF 2 CERAMIC CHRISTMAS TREES,606.0999999999999,418,36
SET OF 2 CERAMIC PAINTED HEARTS ,1292.3999999999999,1032,64
SET OF 2 CHRISTMAS DECOUPAGE CANDLE,681.21,709,46
SET OF 2 FANCY FONT TEA TOWELS,2080.65,727,63
SET OF 2 ROUND TINS CAMEMBERT ,1179.69,447,82
SET OF 2 ROUND TINS DUTCH CHEESE,1011.0600000000001,414,79
SET OF 2 TEA TOWELS APPLE AND PEARS,6112.59,2081,133
SET OF 2 TEA TOWELS PING MICROWAVE,365.50000000000006,150,20
SET OF 2 TINS JARDIN DE PROVENCE,1305.25,319,84
SET OF 2 TINS VINTAGE BATHROOM ,1664.0,392,71
SET OF 2 TRAYS HOME SWEET HOME,1431.7199999999998,148,59
SET OF 2 WOODEN MARKET CRATES,7667.099999999999,642,137
SET OF 20 KIDS COOKIE CUTTERS,10433.67,5184,229
SET OF 20 VINTAGE CHRISTMAS NAPKINS,7802.24,9860,298
SET OF 3 BABUSHKA STACKING TINS,3118.55,645,64
SET OF 3 BIRD L.BLUE FEATHER,136.2,132,17
SET OF 3 BIRD LIGHT PINK FEATHER ,593.48,1100,72
SET OF 3 BLACK FLYING DUCKS,4014.9500000000003,987,38
SET OF 3 BLUE STRIPE BASKET,2918.9700000000003,380,28
SET OF 3 BUTTERFLY COOKIE CUTTERS,8589.07,7030,267
SET OF 3 CAKE TINS PANTRY DESIGN ,25756.3,5438,326
SET OF 3 CAKE TINS SKETCHBOOK,2695.27,623,121
SET OF 3 CASES WOODLAND DESIGN,4223.3,744,95
SET OF 3 CHRISTMAS BRIAR CANDLES,116.25,31,8
SET OF 3 COLOURED  FLYING DUCKS,12019.050000000001,2545,62
SET OF 3 CONEY ISLAND OVAL BOXES,511.5,146,35
SET OF 3 DANISH ROSE PLANTERS,187.0,44,16
SET OF 3 GOLD FLYING DUCKS,838.52,265,23
SET OF 3 HANGING OWLS OLLIE BEAK,3568.26,3034,108
SET OF 3 HEART COOKIE CUTTERS,10074.48,8044,315
SET OF 3 MINI HANGING PORTRAITS,90.0,24,1
SET OF 3 NOTEBOOKS IN PARCEL,9516.599999999999,6024,222
SET OF 3 PANTRY WOODEN SPOONS,138.75,111,10
SET OF 3 PINK FLYING DUCKS,189.8,52,9
SET OF 3 RABBIT CARROTS EASTER,38.25,45,7
SET OF 3 RABBIT EGG EASTER,10.2,12,5
SET OF 3 RED STRIPE BASKETS,2259.44,283,29
SET OF 3 REGENCY CAKE TINS,22166.93,4931,294
SET OF 3 SILVER FLYING DUCKS,244.98,104,8
SET OF 3 VINTAGE TEA TIME BOXES,165.3,82,9
SET OF 3 WICKER BASKET ROSE,462.0,66,1
SET OF 3 WICKER BASKET TEA AND CAKE,207.85,22,3
SET OF 3 WOODEN HEART DECORATIONS,3285.49,2496,153
SET OF 3 WOODEN SLEIGH DECORATIONS,1679.2,1268,104
SET OF 3 WOODEN STOCKING DECORATION,1690.89,1293,118
SET OF 3 WOODEN TREE DECORATIONS,1392.46,1056,103
SET OF 36 DINOSAUR PAPER DOILIES,910.5999999999999,628,62
SET OF 36 DOILIES PANTRY DESIGN,2926.72,2077,117
SET OF 36 DOILIES SPACEBOY DESIGN ,1141.75,847,40
SET OF 36 DOILIES VINTAGE CHRISTMAS,17.4,12,1
SET OF 36 DOLLY GIRL PAPER DOILIES,23.199999999999996,16,6
SET OF 36 MUSHROOM PAPER DOILIES,1314.1,946,60
SET OF 36 PAISLEY FLOWER DOILIES,5971.41,4265,153
SET OF 36 PANTRY PAPER DOILIES,27.57,18,6
SET OF 36 SILVER PAPER DOILIES,436.45,301,32
SET OF 36 SPACEBOY PAPER DOILIES,30.45,21,5
SET OF 36 TEATIME PAPER DOILIES,7132.08,5096,193
SET OF 36 VINTAGE CHRISTMAS DOILIES,37.699999999999996,26,7
SET OF 4 BLACK LOVEBIRD COASTERS,218.2,214,18
SET OF 4 CAROUSEL PLACEMATS ,166.58,118,7
SET OF 4 DIAMOND NAPKIN RINGS,1110.77,177,26
SET OF 4 DOTTY PLACEMATS ,145.8,44,7
SET OF 4 ENGLISH ROSE COASTERS,1800.54,1470,106
SET OF 4 ENGLISH ROSE PLACEMATS,2647.04,748,84
SET OF 4 FAIRY CAKE PLACEMATS,1189.05,335,49
SET OF 4 FAIRY CAKE PLACEMATS ,1105.95,519,50
SET OF 4 FAIRY CAKES COASTERS ,924.8,790,49
SET OF 4 GREEN CAROUSEL COASTERS,47.8,112,7
SET OF 4 JAM JAR MAGNETS,4019.29,2007,91
SET OF 4 KNICK KNACK TINS  DOILEY ,24.900000000000002,6,1
SET OF 4 KNICK KNACK TINS DOILEY ,5840.900000000001,1486,102
SET OF 4 KNICK KNACK TINS DOILY ,7399.25,1843,150
SET OF 4 KNICK KNACK TINS LEAF,2615.15,653,79
SET OF 4 KNICK KNACK TINS LEAVES ,1170.8000000000002,288,48
SET OF 4 KNICK KNACK TINS LONDON ,6212.75,1557,103
SET OF 4 KNICK KNACK TINS POPPIES,2440.75,635,90
SET OF 4 NAPKIN CHARM CUTLERY,15.299999999999999,6,1
SET OF 4 NAPKIN CHARMS 3 KEYS ,379.31,197,27
SET OF 4 NAPKIN CHARMS CROWNS ,380.34999999999997,222,25
SET OF 4 NAPKIN CHARMS CUTLERY,2831.41,1228,68
SET OF 4 NAPKIN CHARMS HEARTS,1743.07,737,82
SET OF 4 NAPKIN CHARMS INSTRUMENT,372.17,175,24
SET OF 4 NAPKIN CHARMS INSTUMENT   ,15.299999999999999,6,1
SET OF 4 NAPKIN CHARMS LEAVES   ,431.5,194,32
SET OF 4 NAPKIN CHARMS STARS   ,1403.53,588,54
SET OF 4 NEW ENGLAND COASTERS ,65.0,52,13
SET OF 4 NEW ENGLAND PLACEMATS,135.0,36,12
SET OF 4 PANTRY JELLY MOULDS,11938.85,9988,266
SET OF 4 PASTEL STACKING MUGS,15.3,6,2
SET OF 4 PISTACHIO LOVEBIRD COASTER,233.16,209,17
SET OF 4 POLKADOT COASTERS,78.67,61,17
SET OF 4 POLKADOT PLACEMATS ,202.05,59,13
SET OF 4 POLKADOTS COASTERS,113.7,94,19
SET OF 4 ROSE BOTANICAL CANDLES,855.0,520,49
SET OF 4 SANTA PLACE SETTINGS,917.34,750,45
SET OF 5 LUCKY CAT MAGNETS ,4659.72,2316,70
SET OF 5 MINI GROCERY MAGNETS,2920.7400000000002,1450,82
SET OF 5 PANCAKE DAY MAGNETS,3986.57,1978,85
SET OF 6 3D KIT CARDS FOR KIDS,1301.73,1551,98
SET OF 6 CAKE CHOPSTICKS,2117.06,1845,51
SET OF 6 DOTS CHOPSTICKS,-1.25,-1,2
SET OF 6 EASTER RAINBOW CHICKS,15.0,12,1
SET OF 6 FUNKY BEAKERS,1104.2900000000002,371,38
SET OF 6 GIRLS CELEBRATION CANDLES,1161.22,1274,77
SET OF 6 HALLOWEEN GHOST T-LIGHTS,307.86,733,33
SET OF 6 HEART CHOPSTICKS,1365.67,1097,75
SET OF 6 HERB TINS SKETCHBOOK,2435.54,714,104
SET OF 6 ICE CREAM SKITTLES,413.00000000000006,140,17
SET OF 6 KASHMIR FOLKART BAUBLES,1469.25,569,62
SET OF 6 NATIVITY MAGNETS ,3878.27,2189,77
SET OF 6 RIBBONS COUNTRY STYLE,435.51,159,17
SET OF 6 RIBBONS PARTY,435.51,159,11
SET OF 6 RIBBONS PERFECTLY PRETTY  ,577.12,208,28
SET OF 6 RIBBONS VINTAGE CHRISTMAS,15928.62,6766,238
SET OF 6 SNACK LOAF BAKING CASES,2579.12,3334,120
SET OF 6 SOLDIER SKITTLES,10028.35,2796,192
SET OF 6 SPICE TINS PANTRY DESIGN,17351.65,4549,223
SET OF 6 STRAWBERRY CHOPSTICKS,2486.54,2186,61
SET OF 6 T-LIGHTS CACTI ,2016.1299999999999,783,30
SET OF 6 T-LIGHTS EASTER CHICKS,777.5500000000001,277,35
SET OF 6 T-LIGHTS SANTA,4421.01,1527,134
SET OF 6 T-LIGHTS SNOWMEN,3824.13,1279,103
SET OF 6 T-LIGHTS TOADSTOOLS,2320.4900000000002,849,67
SET OF 6 T-LIGHTS WEDDING CAKE ,741.4000000000001,292,30
SET OF 6 TEA TIME BAKING CASES,4264.04,3676,139
SET OF 6 VINTAGE NOTELETS KIT,973.95,1095,31
SET OF 60 I LOVE LONDON CAKE CASES ,3269.25,6891,101
SET OF 60 PANTRY DESIGN CAKE CASES ,4765.14,9434,229
SET OF 60 VINTAGE LEAF CAKE CASES ,2619.71,5097,142
SET OF 72 BLACK PAPER DOILIES ,84.1,58,7
SET OF 72 GREEN PAPER DOILIES,421.95,291,42
SET OF 72 IVORY PAPER DOILIES,1886.55,1407,60
SET OF 72 PINK HEART PAPER DOILIES,7497.4,5323,183
SET OF 72 RETRO SPOT PAPER  DOILIES,7641.4,5548,159
SET OF 72 RETROSPOT PAPER  DOILIES,8179.37,5868,174
SET OF 72 SKULL PAPER  DOILIES,1752.0,1248,76
SET OF 9 BLACK SKULL BALLOONS,3310.05,4009,151
SET OF 9 HEART SHAPED BALLOONS,4500.79,3675,163
SET OF MEADOW  FLOWER STICKERS,269.65000000000003,121,8
SET OF PICTURE FRAME  STICKERS,374.59000000000003,145,22
SET OF RED SALAD SERVERS ,436.57,293,25
SET OF SALT AND PEPPER TOADSTOOLS,2954.3,2436,100
SET OF SIX SILVER+RED FLOCK BAUBLES,1.7,2,1
SET OF SKULL WALL STICKERS,607.95,273,24
SET OF TEA COFFEE SUGAR TINS PANTRY,19552.63,4127,180
SET OF THREE 50'S GIFT WRAPS ,528.15,293,26
SET OF THREE VINTAGE GIFT WRAPS,3727.7999999999997,2052,114
SET/10 BLUE POLKADOT PARTY CANDLES,4396.12,3692,117
SET/10 BLUE SPOTTY PARTY CANDLES,3978.85,3329,118
SET/10 IVORY POLKADOT PARTY CANDLES,1162.06,932,50
SET/10 IVORY SPOTTY PARTY CANDLES,1017.13,821,33
SET/10 PINK POLKADOT PARTY CANDLES,5777.610000000001,4840,142
SET/10 PINK SPOTTY PARTY CANDLES,4722.88,3968,129
SET/10 RED POLKADOT PARTY CANDLES,7889.74,6662,168
SET/10 RED SPOTTY PARTY CANDLES,6050.66,5074,141
SET/12 FUNKY FELT FLOWER PEG IN BAG,498.24000000000007,256,26
SET/12 TAPER CANDLES,611.14,802,42
SET/12 ZINC CHRISTMAS DECORATIONS,46.2,22,5
SET/16 WHITE SHINY & MATT BAUBLES,29.82,39,8
SET/2 BLUE  NOODLE BASKETS,74.1,38,11
SET/2 CHRISTMAS DECOUPAGE CANDLES,25.0,20,3
SET/2 RED RETROSPOT TEA TOWELS ,6783.51,2363,120
SET/2 RED SPOTTY TEA TOWELS ,5502.35,1949,114
SET/20 COLLAGE PAPER NAPKIN ,454.62,606,34
SET/20 FRUIT SALAD PAPER NAPKINS ,461.18000000000006,590,50
SET/20 POSIES PAPER NAPKINS,1.7,2,2
SET/20 RED RETROSPOT PAPER NAPKINS ,9206.31,11905,279
SET/20 RED SPOTTY PAPER NAPKINS ,7210.44,9606,249
SET/20 STRAWBERRY PAPER NAPKINS ,3683.7799999999997,4784,187
SET/20 WOODLAND PAPER NAPKINS ,1211.71,1639,73
SET/3 CHRISTMAS BRIAR CANDLES,255.0,68,8
SET/3 CHRISTMAS DECOUPAGE CANDLES,829.64,800,29
SET/3 COLOUR PAINTED KASHMIRI STOOL,119.9,2,1
SET/3 DECOUPAGE STACKING TINS,2129.7000000000003,454,63
SET/3 FLORAL GARDEN TOOLS IN BAG,1477.25,215,19
SET/3 OCEAN SCENT CANDLE JEWEL BOX,2294.75,571,49
SET/3 POLKA DOT STACKING TINS,710.85,147,46
SET/3 POLKADOT STACKING TINS,389.1,82,25
SET/3 POT PLANT CANDLES,461.55,89,22
SET/3 RABBITS FLOWER SKIPPPING ROPE,114.75,135,19
SET/3 RED GINGHAM ROSE STORAGE BOX,11774.52,3376,167
SET/3 ROSE CANDLE IN JEWELLED BOX,1977.18,494,40
SET/3 RUSSIAN DOLL STACKING TINS,7064.05,1491,93
SET/3 TALL GLASS CANDLE HOLDER PINK,302.79999999999995,40,10
SET/3 VANILLA SCENTED CANDLE IN BOX,3505.8,872,67
SET/4 2 TONE EGG SHAPE MIXING BOWLS,290.92999999999995,31,12
SET/4 BADGES BALLOON GIRL,749.19,597,48
SET/4 BADGES BEETLES,384.68,300,39
SET/4 BADGES CUTE CREATURES,378.39,294,31
SET/4 BADGES DOGS,425.81,330,38
SET/4 BADGES WOODLAND ANIMAL,422.0,368,19
SET/4 BIRD MIRROR MAGNETS ,332.98,453,39
SET/4 BLACK  BAROQUE FLOCK COASTER,35.699999999999996,14,3
SET/4 BLUE FLOWER CANDLES IN BOWL,3076.6499999999996,2029,67
SET/4 BUTTERFLY MIRROR MAGNETS,397.28000000000003,533,23
SET/4 COLOURFUL MIXING BOWLS,542.06,58,21
SET/4 DAISY MIRROR MAGNETS,156.76,336,22
SET/4 GARDEN ROSE DINNER CANDLE,23.1,14,6
SET/4 MODERN VINTAGE COTTON NAPKINS,209.18,98,22
SET/4 PINK ORCHID CANDLES IN BOWL,2100.7799999999997,1638,32
SET/4 RED MINI ROSE CANDLE IN BOWL,710.4499999999999,699,31
SET/4 SCENTED CANDLES IN RAMEKINS,537.5,418,6
SET/4 SKULL BADGES,1496.15,1203,76
SET/4 SPRING FLOWER DECORATION,899.9000000000001,710,41
SET/4 WHITE RETRO STORAGE CUBES ,21809.550000000003,609,71
SET/5 BLUE SPOTTY LID GLASS BOWLS,710.35,269,15
SET/5 RED RETROSPOT LID GLASS BOWLS,17079.18,6106,230
SET/5 RED SPOTTY LID GLASS BOWLS,20616.05,7621,191
SET/6  ANGEL T-LIGHTS WHITE/GOLD,185.64,442,30
SET/6 3D KIT CARDS FOR KIDS,183.6,216,14
SET/6 BEAD COASTERS GAUZE BAG GOLD,247.5,456,17
SET/6 BLACK BIRD T-LIGHT CANDLES,260.28000000000003,212,13
SET/6 BLACK GLITTER REINDEER CANDLE,2.52,2,2
SET/6 BLACK ROSE T-LIGHT CANDLES,8.45,5,3
SET/6 BLACK SNOWFLAKE T-LIGHTS ,60.91,142,15
SET/6 CHRISTMAS ICICLE T-LIGHTS,26.25,21,3
SET/6 COLLAGE PAPER CUPS,398.79,1537,62
SET/6 COLLAGE PAPER PLATES,675.35,1563,74
SET/6 EAU DE NIL BIRD T-LIGHTS,490.13,361,27
SET/6 FROG PRINCE T-LIGHT CANDLES,1106.86,707,33
SET/6 FRUIT SALAD  PAPER PLATES,617.5799999999999,1500,59
SET/6 FRUIT SALAD PAPER CUPS,455.9,1804,57
SET/6 GARDEN GNOME T-LIGHT CANDLES,221.10000000000002,82,9
SET/6 GINGERBREAD STAR T-LIGHTS,191.25,153,18
SET/6 GINGERBREAD TREE T-LIGHTS,2.5,2,2
SET/6 GOLD REINDEER T-LIGHT CANDLES,149.5,140,10
SET/6 GREEN SPRING  PAPER PLATE,12.75,15,2
SET/6 GREEN SPRING PAPER CUPS,61.540000000000006,152,16
SET/6 IVORY BIRD T-LIGHT CANDLES,1018.82,592,25
SET/6 PINK  BUTTERFLY T-LIGHTS,7498.66,3964,98
SET/6 PINK BIRD T-LIGHT CANDLES,622.29,480,31
SET/6 POSIES PAPER CUPS,86.95,155,12
SET/6 POSIES PAPER PLATES,147.04999999999998,173,14
SET/6 PURPLE BUTTERFLY T-LIGHTS,2423.1000000000004,1271,59
SET/6 RED SPOTTY PAPER CUPS,7216.85,12013,174
SET/6 RED SPOTTY PAPER PLATES,9916.949999999999,13475,177
SET/6 SILVER REINDEER T-LIGHTS,184.6,170,15
SET/6 STRAWBERRY PAPER CUPS,111.15,171,14
SET/6 STRAWBERRY PAPER PLATES,200.83999999999997,260,10
SET/6 TURQUOISE BUTTERFLY T-LIGHTS,4540.39,2368,82
SET/6 WOODLAND PAPER CUPS,454.32000000000005,792,26
SET/6 WOODLAND PAPER PLATES,428.50999999999993,599,18
SET/9 CHRISTMAS T-LIGHTS SCENTED ,543.89,457,29
SET3 BOOK BOX GREEN GINGHAM FLOWER ,8899.3,2322,124
SEWING BOX RETROSPOT DESIGN ,2975.45,251,87
SEWING SUSAN 21 NEEDLE SET,1470.47,1931,61
SHAKER THROW  QUILTED,711.9,50,2
SHELF WITH 4 HOOKS HOME SWEET HOME,1897.36,392,50
SHOE SHINE BOX ,1363.1499999999999,137,34
SHOPPING BAG DOORSTOP,81.25,65,5
"SILICON CUBE 25W, BLUE",0.42,1,1
SILICON STAR BULB  BLUE,4.2,10,6
SILK PURSE BABUSHKA BLUE,984.9000000000001,294,48
SILK PURSE BABUSHKA PINK,1498.13,448,57
SILK PURSE BABUSHKA RED,1594.0500000000002,483,61
SILK PURSE RUSSIAN DOLL BLUE,737.0,220,38
SILK PURSE RUSSIAN DOLL PINK,930.75,285,38
SILK PURSE RUSSIAN DOLL RED,1308.75,405,43
SILVER  CANDLEPOT JARDIN ,359.2,96,29
SILVER 2 STRAND NECKLACE-LEAF CHARM,22.5,3,2
SILVER AND BLACK ORBIT NECKLACE,2.95,1,1
SILVER APERITIF GLASS,147.36,258,6
SILVER BELLS TABLE DECORATION,1909.6,1568,113
SILVER BLACK ORBIT BRACELET,24.75,5,4
SILVER BLACK ORBIT DROP EARRINGS,21.25,5,3
SILVER BLUE EGG T-LIGHT HOLDER,151.76000000000002,386,5
SILVER BOOK MARK WITH BEADS,42.5,50,6
SILVER BRACELET W PASTEL FLOWER,160.0,22,6
SILVER CHARM NECKLACE 70CM,330.0,44,9
SILVER CHERRY LIGHTS,-468.8,-76,13
SILVER CHRISTMAS TREE BAUBLE STAND ,2060.65,127,48
SILVER DIAMANTE PEN IN GIFT BOX,612.94,288,25
SILVER DISCO HANDBAG,305.86,182,21
SILVER DROP EARRINGS WITH FLOWER,45.0,12,5
SILVER FABRIC MIRROR,302.38,473,21
SILVER FINCH DECORATION,171.39000000000001,159,5
SILVER FISHING GNOME ,499.1,69,11
SILVER FLOWR PINK SHELL NECKLACE,350.28000000000003,54,3
SILVER GLASS T-LIGHT SET,247.38000000000002,90,22
SILVER GLITTER FLOWER VOTIVE HOLDER,207.35999999999999,672,25
SILVER HANGING T-LIGHT HOLDER,11714.55,7607,150
SILVER HANGING T-LIGHT HOLDER DOME,193.04999999999998,117,11
SILVER HEART COMPACT MIRROR,0.0,0,2
SILVER HEARTS TABLE DECORATION,757.9499999999999,945,82
SILVER HOOP EARRINGS WITH FLOWER,172.55,29,8
SILVER JEWELLED MIRROR TRINKET TRAY,409.53999999999996,50,19
SILVER LARIAT 40CM,73.65,15,5
SILVER LARIAT BLACK STONE EARRINGS,42.5,10,6
SILVER LATTICE VANILLA CANDLE POT,864.81,231,31
SILVER LOOKING MIRROR,49.5,10,5
SILVER M.O.P ORBIT BRACELET,103.95,21,9
SILVER M.O.P ORBIT DROP EARRINGS,76.5,18,8
SILVER M.O.P. ORBIT NECKLACE,2.95,1,1
SILVER MINI TAPE MEASURE ,927.7,1200,27
SILVER MONTE CARLO HANDBAG,59.5,7,1
SILVER MUG BONE CHINA TREE OF LIFE,1327.79,1016,65
SILVER OVAL JEWELLED MIRROR,77.35,13,6
SILVER OVAL SHAPE TRINKET BOX,69.64999999999999,7,4
SILVER PHOTO FRAME,339.90000000000003,219,24
SILVER PLATE CANDLE BOWL LARGE,1139.58,318,26
SILVER PLATE CANDLE BOWL SMALL,1209.5000000000002,410,44
SILVER PURSE GOLD PINK BUTTERFLY,6.6,4,1
SILVER RECORD COVER FRAME,914.61,261,11
SILVER RETRODISC LAMPSHADE,1134.6399999999999,577,11
SILVER ROCCOCO CHANDELIER,608.75,41,9
SILVER ROCOCO CANDELABRA,38.25,3,3
SILVER ROCOCO CANDLE STICK,334.0,120,13
SILVER SKULL HOT WATER BOTTLE ,407.61,111,31
SILVER SLEIGHBELL  WREATH,71.55,9,5
SILVER STANDING GNOME   ,168.25,41,14
SILVER STARS TABLE DECORATION,1174.9899999999998,1457,114
SILVER T-LIGHT SETTING,397.25,63,13
SILVER TEDDY BEAR,228.71,92,20
SILVER VANILLA  FLOWER CANDLE POT,798.81,223,19
SILVER VANILLA FLOWER CANDLE POT,444.81,119,25
SILVER WASHBAG,29.500000000000004,10,3
SILVER/AMETHYST DROP EARRINGS LEAF,50.150000000000006,17,6
SILVER/BLACK ORBIT NECKLACE,79.6,8,6
SILVER/CRYSTAL DROP EARRINGS W LEAF,17.700000000000003,6,3
SILVER/M.O.P PENDANT ORBIT NECKLACE,123.25,19,5
SILVER/MOP ORBIT NECKLACE,99.5,10,5
SILVER/NAT SHELL NECKLACE W PENDANT,23.8,4,4
SILVER/NATURAL SHELL NECKLACE,34.0,4,2
SINGLE ANTIQUE ROSE HOOK IVORY,1975.3999999999999,1364,115
SINGLE HEART ZINC T-LIGHT HOLDER,11675.0,12754,238
SINGLE WIRE HOOK IVORY HEART,972.8,712,43
SINGLE WIRE HOOK PINK HEART,440.03,363,16
SIX DRAWER OFFICE TIDY,384.4,40,18
SIX STRING SCANDINAVIAN HEART DECS,44.25000000000001,15,7
SKETCHBOOK MAGNETIC SHOPPING LIST,1376.3899999999999,943,67
SKULL AND CROSSBONES  GARLAND ,2219.5499999999997,1415,85
SKULL DESIGN TV DINNER TRAY,1889.2500000000002,435,56
SKULL LUNCH BOX WITH CUTLERY ,7112.55,3019,147
SKULL LUNCHBOX WITH CUTLERY ,277.95,109,20
SKULL SHOULDER BAG,3070.75,1935,84
SKULLS  DESIGN  COTTON TOTE BAG,920.75,687,55
SKULLS  STICKERS,1531.4099999999999,1809,93
SKULLS  WATER TRANSFER TATTOOS ,2926.0,3640,126
SKULLS AND CROSSBONES WRAP,2248.8,5440,83
SKULLS DESIGN FLANNEL,320.77,565,20
SKULLS GREETING CARD,1051.62,2569,83
SKULLS PARTY BAG + STICKER SET,2679.35,1683,127
SKULLS SQUARE TISSUE BOX,412.5,760,39
SKULLS STORAGE BOX LARGE,644.94,354,24
SKULLS STORAGE BOX SMALL,485.1,327,34
SKULLS TAPE,255.70000000000002,650,36
SKULLS WRAP,762.5,1825,49
SKULLS WRITING SET ,1343.9999999999998,816,91
SKY BLUE COLOUR GLASS GEMS IN BAG,51.18,78,3
SLATE TILE NATURAL HANGING,3380.93,2187,149
SLEEPING CAT ERASERS,1403.85,7085,94
SMALL APOTHECARY MEASURING JAR ,391.95000000000005,51,15
SMALL BLUE PROVENCAL CERAMIC BALL,98.99999999999999,60,7
SMALL BONNE JAM JAR  T-LIGHT HOLDER,392.32,202,11
SMALL CAMPHOR WOOD FIELD  MUSHROOM,269.21999999999997,294,18
SMALL CERAMIC TOP STORAGE JAR ,2099.47,2793,73
SMALL CHINESE STYLE SCISSOR,5875.6,18180,23
SMALL CHOCOLATES PINK BOWL,851.3,1563,73
SMALL CHUNKY GLASS ROMAN  BOWL,361.53999999999996,382,15
SMALL DECO JEWELLERY STAND,1435.65,181,45
SMALL DOLLY MIX DESIGN ORANGE BOWL,2549.04,4272,137
SMALL FAIRY CAKE FRIDGE MAGNETS,352.95,243,3
SMALL FOLDING SCISSOR(POINTED EDGE),286.13,2173,30
SMALL FOLKART STAR CHRISTMAS DEC,419.8,1304,33
SMALL GLASS HEART TRINKET POT,14468.36,7373,164
SMALL GLASS ROSE SCENTED CANDLE,15.0,4,1
SMALL GLASS SUNDAE DISH CLEAR,799.4699999999999,663,41
SMALL GREEN PEONY FOLDING STOOL,314.8,148,9
SMALL HAMMERED SILVER CANDLEPOT ,956.3500000000001,325,33
SMALL HANGING GLASS+ZINC LANTERN,139.2,96,11
SMALL HANGING IVORY/RED WOOD BIRD,1506.47,3630,97
SMALL HEART FLOWERS HOOK ,3639.7099999999996,4543,102
SMALL HEART MEASURING SPOONS,3215.0299999999997,3848,143
SMALL IVORY HEART WALL ORGANISER,4220.53,871,70
SMALL JEWELLERY STAND,66.0,8,4
SMALL KITCHEN FLOWER POTS PLAQUE,563.55,309,15
SMALL LICORICE DES PINK BOWL,566.78,636,48
SMALL MARAKESH LANTERN ON STICK,90.0,24,7
SMALL MARAKESH METAL  LANTERN ,299.25,97,13
SMALL MARSHMALLOWS PINK BOWL,1975.1,3152,103
SMALL MEDINA STAMPED METAL BOWL ,751.41,1060,32
SMALL ORIENTAL BLUE FOLDING STOOL,377.2,180,19
SMALL ORIENTAL RED FOLDING STOOL,427.34999999999997,199,10
SMALL PARISIENNE HEART PHOTO FRAME ,1569.89,693,65
SMALL PARLOUR FRAME,106.98000000000002,42,2
SMALL PARLOUR PICTURE FRAME,375.75,135,23
SMALL PINK GLASS SUNDAE DISH,444.47999999999996,826,28
SMALL PINK MAGIC CHRISTMAS TREE,556.68,1178,36
SMALL PINK PEONY FOLDING STOOL,268.0,124,8
SMALL POLKADOT CHOCOLATE GIFT BAG ,635.8,748,27
SMALL POP BOX FUNKY MONKEY,186.73,153,13
"SMALL POP BOX,FUNKY MONKEY",411.6,360,13
SMALL POPCORN HOLDER,26008.7,34539,198
SMALL PURPLE BABUSHKA NOTEBOOK ,1860.06,2569,141
SMALL RED BABUSHKA NOTEBOOK ,1888.9099999999999,2717,142
SMALL RED RETROSPOT MUG IN BOX ,2019.49,658,74
SMALL RED RETROSPOT WINDMILL,3832.51,3219,108
SMALL RED SPOT  WINDMILL,638.96,544,26
SMALL REGAL  SILVER CANDLEPOT ,433.65000000000003,147,17
SMALL RETRO SPOT MUG IN BOX  RED,686.25,183,41
SMALL RETRO SPOT MUG IN BOX  WHITE,596.25,159,34
SMALL ROUND CUT GLASS CANDLESTICK,842.35,187,20
SMALL SILVER FLOWER CANDLE POT,778.0500000000001,267,31
SMALL SILVER TRELLIS CANDLEPOT,970.5500000000002,329,35
SMALL SINGLE FLAME CANDLE HOLDER,10.149999999999999,29,3
SMALL SKULL WINDMILL,850.54,710,43
SMALL SPOTTY CHOCOLATE GIFT BAG ,450.62,542,24
SMALL SQUARE CUT GLASS CANDLESTICK,371.25,75,17
SMALL STRIPES CHOCOLATE GIFT BAG ,857.0,1604,37
SMALL TAHITI BEACH BAG,918.36,232,12
SMALL TALL CAMPHOR WOOD TOADSTOOL,314.52,336,19
SMALL WHITE HEART OF WICKER,4846.44,3060,215
SMALL WHITE RETROSPOT MUG IN BOX ,1547.83,543,69
SMALL WHITE/PINK ROSE ART FLOWER,140.01,237,9
SMALL YELLOW BABUSHKA NOTEBOOK ,1119.9299999999998,1496,125
SMALL ZINC HEART WALL ORGANISER,5145.0,1494,21
SMALL ZINC/GLASS CANDLEHOLDER,229.89,321,11
SMALLFOLKART BAUBLE CHRISTMAS DEC,404.1,1593,23
SMOKEY GREY COLOUR D.O.F. GLASS,150.39999999999998,464,15
SMOKEY GREY COLOUR GLASS,34.8,120,5
SNACK TRAY HAPPY FOREST  ,189.15,97,16
SNACK TRAY I LOVE LONDON,231.29999999999998,126,15
SNACK TRAY PAISLEY PARK,239.09999999999997,130,15
SNACK TRAY RED GINGHAM,89.7,46,9
SNACK TRAY RED VINTAGE DOILY,301.5,162,21
SNOWFLAKE PORTABLE TABLE LIGHT ,1240.19,405,63
SNOWSTORM PHOTO FRAME FRIDGE MAGNET,814.26,1002,48
SOAP DISH BROCANTE,2197.55,797,65
SOFT PINK ROSE TOWEL ,376.65000000000003,81,18
SOLDIERS EGG CUP ,9018.69,7910,126
SOMBRERO ,7705.75,5949,39
SPACE BOY BIRTHDAY CARD,217.85999999999999,529,30
SPACE BOY CHILDRENS CUP,123.30000000000001,114,3
SPACE BOY GIFT WRAP,283.5,675,22
SPACE CADET BLACK,72.41,60,10
SPACE CADET RED,194.87,157,22
SPACE CADET WHITE,82.98,65,13
SPACE FROG,193.5,153,17
SPACE OWL,282.37,227,23
SPACEBOY BEAKER,2514.5,2202,74
SPACEBOY BIRTHDAY CARD,5032.46,12802,227
SPACEBOY CHILDRENS BOWL,2184.7000000000003,1886,83
SPACEBOY CHILDRENS CUP,1934.3200000000002,1624,78
SPACEBOY CHILDRENS EGG CUP,1110.97,882,74
SPACEBOY GIFT WRAP,4103.4,10070,171
SPACEBOY LUNCH BOX ,31633.44,17938,243
SPACEBOY MINI BACKPACK,3383.3500000000004,849,102
SPACEBOY MINI RUCKSACK,37.35,9,3
SPACEBOY ROCKET LOLLY MAKERS,863.6800000000001,442,38
SPACEBOY TV DINNER TRAY,2809.84,656,79
SPACEBOY WALL ART,795.9000000000001,282,8
SPHERICAL IVORY CANDLE ,26.880000000000003,64,5
SPOTS DESIGN MUG W PINK INSIDE,643.14,434,23
SPOTS MUG,467.24999999999994,269,8
SPOTS ON RED BOOKCOVER TAPE,13.86,33,11
SPOTTED WHITE NATURAL SEED NECKLACE,42.0,42,5
SPOTTY  HOME SWEET HOME DOORMAT,2914.25,515,52
SPOTTY BUNTING,29048.340000000004,6291,343
SPOTTY COFFEE CUP & SAUCER,47.2,16,3
SPOTTY PINK DUCK DOORSTOP,1041.54,340,52
SPRIG LAVENDER ARTIFICIAL FLOWER,155.16,156,9
"SPRING DEC , HANGING CHICK  GREEN",716.0999999999999,618,29
"SPRING DEC , HANGING CHICK  YELLOW",1151.5,958,35
"SPRING DEC , HANGING CHICK CREAM",1031.75,839,37
SPRING FLOWER CHOPSTICKS SET/5,1240.65,667,32
SQUARE CHERRY BLOSSOM CABINET,1326.4,272,17
SQUARE FLOOR CUSHION VINTAGE PINK ,23.85,3,2
SQUARE FLOOR CUSHION VINTAGE RED,554.45,71,17
SQUARE METAL CANDLEHOLDER BASE,92.5,154,7
SQUARE MINI PORTRAIT FRAME,419.55,217,28
SQUARE MIRROR CURTAIN,822.0300000000001,118,13
SQUARECUSHION COVER PINK UNION FLAG,428.8,64,23
SQUARECUSHION COVER PINK UNION JACK,279.39,125,18
ST GEORGE SET OF 10 PARTY LIGHTS,94.4,32,7
ST TROPEZ NECKLACE,44.550000000000004,9,5
STANDING FAIRY POLE SUPPORT ,265.19,323,17
STANDING METAL RABBIT WITH EGG,849.0000000000001,505,29
STAR  T-LIGHT HOLDER ,461.59999999999997,320,28
STAR DECORATION PAINTED ZINC ,1163.49,3759,81
STAR DECORATION RUSTIC,1566.6,3730,92
STAR PORTABLE TABLE LIGHT ,2200.5,798,61
STAR T-LIGHT HOLDER WILLIE WINKIE,1150.7099999999998,703,50
STAR WOODEN CHRISTMAS DECORATION,2123.0299999999997,2483,127
STAR WREATH DECORATION WITH BELL,1275.69,1077,50
STARFISH SOAP DISH,234.48999999999998,103,11
STARS GIFT TAPE ,687.6700000000001,1381,73
STEEL SWEETHEART ROUND TABLE CREAM,1151.1499999999999,77,30
STOOL HOME SWEET HOME ,1821.6,159,47
STOP FOR TEA WALL ART,2288.35,469,28
STORAGE TIN HOME SWEET HOME,265.18,142,22
STORAGE TIN VINTAGE DOILEY ,17.34,6,1
STORAGE TIN VINTAGE DOILY ,2681.39,951,81
STORAGE TIN VINTAGE LEAF,1709.18,670,72
STRAWBERRIES  DESIGN FLANNEL ,447.42,688,33
STRAWBERRIES PRINT BOWL,1.25,1,1
STRAWBERRY   PICNIC BAG,7884.25,2855,177
STRAWBERRY BATH SPONGE ,2856.91,2343,89
STRAWBERRY CAKE TEAPOT,79.2,16,4
STRAWBERRY CANDY BAG,178.0,150,20
STRAWBERRY CERAMIC TRINKET BOX,25858.41,22027,310
STRAWBERRY CERAMIC TRINKET POT,1048.22,814,45
STRAWBERRY CHARLOTTE BAG,8978.91,11194,214
STRAWBERRY DREAM CHILDS UMBRELLA,1280.5,406,69
STRAWBERRY FAIRY CAKE TEAPOT,6669.1,1390,103
STRAWBERRY HONEYCOMB  GARLAND ,2142.8999999999996,1578,76
STRAWBERRY LUNCH BOX WITH CUTLERY,12769.939999999999,5431,201
STRAWBERRY LUNCHBOX WITH CUTLERY,2543.5499999999997,1109,68
STRAWBERRY RAFFIA FOOD COVER,3021.75,857,91
STRAWBERRY SCENTED SET/9 T-LIGHTS,416.54999999999995,513,50
STRAWBERRY SHOPPER BAG,4484.53,3779,149
STRAWBRY SCENTED VOTIVE CANDLE,391.77,1629,21
STRING CRYSTALS NATURAL,202.5,162,6
STRING OF 20 ROSE LIGHTS,2658.0,236,27
"STRING OF 8 BUTTERFLIES,PINK",397.79999999999995,255,21
STRING OF STARS CARD HOLDER,410.05000000000007,139,20
STRIPES DESIGN MONKEY DOLL,1281.1499999999999,1121,29
STRIPES DESIGN TEDDY,262.65,103,23
STRIPEY CHOCOLATE NESTING BOXES,1246.25,535,58
STRIPY DESIGN SHOWER CAP,308.46,822,18
SUKI  SHOULDER BAG,4637.12,2938,115
SUMMER BUTTERFLIES BAG CHARM,35.699999999999996,14,5
SUMMER DAISIES BAG CHARM,33.15,13,4
SUMMER FUN DESIGN SHOWER CAP,275.86999999999995,799,16
SUNFLOWER DECORATIVE PARASOL,493.8,76,15
SUNSET CHECK HAMMOCK,1513.95,201,31
SUNSET COLOUR CHUNKY KNITTED THROW,372.9,22,11
SWALLOW CIGAR BOX MATCHES ,1150.56,1008,35
SWALLOW GIANT TUBE MATCHES,1610.4,712,31
SWALLOW SMALL TUBE MATCHES,1.65,1,1
SWALLOW SQUARE TISSUE BOX,758.53,1435,75
SWALLOW WOODEN CHRISTMAS DECORATION,1537.07,1823,101
SWALLOWS GREETING CARD,3702.75,9375,185
SWEET HEART CAKE CARRIER,415.7,44,21
SWEET PUDDING STICKER SHEET,184.45,217,21
SWEET VALENCIA CANDLE+CUP,122.13,105,12
SWEETHEART 3 TIER CAKE STAND ,1227.8,125,56
SWEETHEART BIRD HOUSE,2543.35,741,39
SWEETHEART CAKESTAND 3 TIER,7142.0,772,172
SWEETHEART CARRY-ALL BASKET,965.6,116,44
SWEETHEART CERAMIC TRINKET BOX,14772.08,12509,244
SWEETHEART CREAM STEEL FOLDIN BENCH,2533.65,127,39
SWEETHEART CREAM STEEL FOLDIN CHAIR,0.0,0,1
SWEETHEART CREAM STEEL TABLE RECT,1875.3,94,36
SWEETHEART KEY CABINET,5868.6,1116,115
SWEETHEART RECIPE BOOK STAND,7200.35,1111,133
SWEETHEART WALL TIDY ,748.38,82,28
SWEETHEART WIRE FRUIT BOWL,1258.1000000000001,171,54
SWEETHEART WIRE MAGAZINE RACK,1897.5,242,78
SWEETHEART WIRE WALL TIDY,1512.8,158,50
SWEETIES  STICKERS,496.4,584,41
SWIRLY CIRCULAR RUBBERS IN BAG,216.02,654,27
SWISS CHALET TREE DECORATION ,429.02,1013,52
SWISS ROLL TOWEL PINK  SPOTS,1130.58,418,9
"SWISS ROLL TOWEL, CHOCOLATE  SPOTS",1386.25,783,39
"SWISS ROLL TOWEL, PINK  SPOTS",1950.5500000000002,937,38
T-LIGHT GLASS FLUTED ANTIQUE,6489.9800000000005,5751,112
T-LIGHT HOLDER HANGING LACE,1070.23,993,74
T-LIGHT HOLDER HANGING LOVE BIRD,1174.38,322,41
T-LIGHT HOLDER SILVER HEART HANDLE,183.6,96,9
T-LIGHT HOLDER SILVER PETIT FOUR ,77.5,62,5
T-LIGHT HOLDER SILVER SAUCER,8.149999999999999,5,1
T-LIGHT HOLDER SWEETHEART HANGING,1419.54,748,81
T-LIGHT HOLDER WHITE LACE,346.46999999999997,519,28
TABLE LAMP WHITE SHADE WOOD BASE,421.35,73,10
TABLECLOTH RED APPLES DESIGN ,3788.95,425,76
TALL ROCOCO CANDLE HOLDER,762.5,95,14
TEA BAG PLATE RED RETROSPOT,3411.29,4139,115
TEA BAG PLATE RED SPOTTY ,4266.94,5398,128
TEA COSY BLUE STRIPE,828.64,330,48
TEA COSY RED  STRIPE,2078.43,874,76
TEA COSY VINTAGE UNION JACK,3142.95,782,50
TEA CUP AND SAUCER RETRO SPOT,1687.62,470,38
TEA FOR ONE POLKADOT,1711.76,396,71
TEA PARTY  WRAPPING PAPER ,1691.22,4141,86
TEA PARTY BIRTHDAY CARD,3138.11,7783,176
TEA TIME BREAKFAST BASKET,165.9,79,18
TEA TIME CAKE STAND IN GIFT BOX,17691.649999999998,1807,125
TEA TIME DES TEA COSY,1952.56,811,73
TEA TIME KITCHEN APRON,8489.52,1630,96
TEA TIME MUG IN GIFT BOX,1401.15,501,40
TEA TIME OVEN GLOVE,4549.12,3827,165
TEA TIME PAPER LANTERNS,509.59999999999997,272,26
TEA TIME PARTY BUNTING,15091.1,3391,193
TEA TIME TABLE CLOTH,7255.38,778,71
TEA TIME TEA SET IN GIFT BOX,1755.2,256,56
TEA TIME TEA TOWELS ,5154.6,1788,120
TEA TIME TEAPOT IN GIFT BOX,4135.41,589,78
TEACUP AND SAUCER REGENCY GREEN,419.40000000000003,156,11
TEACUP AND SAUCER REGENCY PINK,366.3,138,8
TEACUP AND SAUCER REGENCY ROSES,549.0,204,12
TEAL/FUSCHIA COL BEAD NECKLACE,34.650000000000006,7,2
TEATIME CAKE TIN WITH HANDLE,1567.6,168,24
TEATIME FUNKY FLOWER BACKPACK FOR 2,67.8,4,4
TEATIME GEL PENS ASST,413.28,2424,14
TEATIME PEN CASE & PENS,104.86999999999999,347,22
TEATIME PENCIL W STAMP ASST,15.12,36,1
TEATIME PENCIL WITH RUBBER,12.75,51,2
TEATIME PUSH DOWN RUBBER,196.43,684,13
TEATIME ROUND CAKE TINS ,29.849999999999998,3,2
TEATIME ROUND PENCIL SHARPENER ,338.7,2385,25
TEXRIO TOMATOES CANDLE+CUP,77.94,66,15
THE KING GIFT BAG,126.02999999999999,411,10
THE KING GIFT BAG 25x24x12cm,18.900000000000002,45,5
THREE CANVAS LUGGAGE TAGS,126.31,81,7
THREE MINI HANGING FRAMES,352.75,85,26
TIGRIS EYE CHUNKY CHARM BRACELET,214.79999999999998,24,7
TIN CAN BISCUITS DESIGN,30.0,24,2
TIN CAN KINGS CHOICE DESIGN,30.0,24,2
TIN CAN POCKET MONEY DESIGN,30.0,24,2
TINY CRYSTAL BRACELET BLUE,17.849999999999998,7,2
TINY CRYSTAL BRACELET GREEN,33.15,13,3
TINY CRYSTAL BRACELET RED,15.299999999999999,6,1
TOADSTOOL BEDSIDE LIGHT ,1581.05,179,53
TOADSTOOL MONEY BOX,3057.9500000000003,1069,115
TOAST ITS - BEST MUM,1909.8500000000001,1645,70
TOAST ITS - DINOSAUR,1210.42,974,57
TOAST ITS - FAIRY FLOWER,997.2,817,62
TOAST ITS - HAPPY BIRTHDAY,934.05,753,77
TOAST ITS - I LOVE YOU ,2585.5,2174,126
TOILET METAL SIGN,3015.6600000000003,5661,204
TOILET SIGN OCCUPIED OR VACANT,2209.2599999999998,2657,94
TOMATO CHARLIE+LOLA COASTER SET,1754.64,796,50
TOOL BOX SOFT TOY ,1591.8899999999999,171,57
TOOTHPASTE TUBE PEN,600.4100000000001,1170,56
TOP SECRET PEN SET,499.6499999999999,489,20
TOTE BAG I LOVE LONDON,2448.94,1304,60
TOXIC AREA  DOOR HANGER ,1067.8,1806,92
TOY TIDY DOLLY GIRL DESIGN,1853.68,990,68
TOY TIDY PINK POLKADOT,7417.83,3809,101
TOY TIDY PINK RETROSPOT  ,6021.7,3120,144
TOY TIDY SPACEBOY  ,6037.85,3141,162
TOYBOX  WRAP ,488.0,1200,34
TRADITIONAL CHRISTMAS RIBBONS,4575.16,3659,201
TRADITIONAL KNITTING NANCY,8342.67,5463,243
TRADITIONAL MODELLING CLAY,11898.300000000001,10204,213
TRADITIONAL NAUGHTS & CROSSES,2399.9999999999995,1472,122
TRADITIONAL PICK UP STICKS GAME ,1558.75,1247,118
TRADITIONAL WOODEN CATCH CUP GAME ,4924.14,4041,204
TRADITIONAL WOODEN SKIPPING ROPE,10763.03,8761,221
TRADTIONAL ALPHABET STAMP SET,3433.05,711,91
TRANQUILITY MASALA INCENSE,56.07,267,9
TRANSPARENT ACRYLIC TAPE DISPENSER,32.16,36,9
TRAVEL CARD WALLET FLOWER MEADOW,475.26,1135,62
TRAVEL CARD WALLET I LOVE LONDON,1520.34,3757,73
TRAVEL CARD WALLET KEEP CALM,4026.02,10180,147
TRAVEL CARD WALLET PANTRY,580.82,1379,47
TRAVEL CARD WALLET RETRO PETALS,554.22,1323,49
TRAVEL CARD WALLET RETROSPOT,683.16,1630,65
TRAVEL CARD WALLET SKULLS,505.5,1207,56
TRAVEL CARD WALLET SUKI,669.54,1601,64
TRAVEL CARD WALLET TRANSPORT,905.58,2163,81
TRAVEL CARD WALLET UNION JACK,780.6,1862,73
TRAVEL CARD WALLET VINTAGE LEAF,425.88,1014,46
TRAVEL CARD WALLET VINTAGE ROSE ,214.44,514,30
TRAVEL CARD WALLET VINTAGE TICKET,1412.7,3439,98
TRAVEL SEWING KIT,11675.31,7423,238
"TRAY, BREAKFAST IN BED",3027.8999999999996,254,45
TREASURE AHOY WALL ART,720.96,240,10
TREASURE ISLAND BOOK BOX,4109.55,2019,95
TREASURE TIN BUFFALO BILL ,2359.84,1177,84
TREASURE TIN GYMKHANA DESIGN,3392.32,1684,122
TREE OF NOAH FESTIVE SCENTED CANDLE,16.900000000000002,26,4
TREE T-LIGHT HOLDER WILLIE WINKIE,369.55999999999995,250,23
TRELLIS FLOWER CHOPSTICKS SET/5,27.299999999999997,14,4
TRIANGULAR POUFFE VINTAGE ,1210.45,87,16
TRIANGULAR RIDGED GLASS POSY HOLDER,192.35000000000002,307,13
TRIPLE HOOK ANTIQUE IVORY ROSE,1634.56,504,99
TRIPLE PHOTO FRAME CORNICE ,6106.98,678,106
TRIPLE WIRE HOOK IVORY HEART,471.79,115,21
TRIPLE WIRE HOOK PINK HEART,93.86000000000001,38,10
TROPICAL  HONEYCOMB PAPER GARLAND ,4257.150000000001,1877,56
TROPICAL HOLIDAY PURSE ,50.150000000000006,17,5
TROPICAL LUGGAGE TAG,255.39,413,30
TROPICAL PASSPORT COVER ,432.83000000000004,294,27
TUB 24 HANGING EASTER EGGS SPOTTY,892.2,284,20
TUB 24 PINK FLOWER PEGS,498.29999999999995,302,56
TUMBLER BAROQUE,128.31,329,17
TUMBLER NEW ENGLAND,396.24,1016,26
"TUMBLER, BAROQUE",299.61,429,8
"TUMBLER, ENGLISH ROSE",217.79999999999998,132,14
"TUMBLER, NEW ENGLAND",504.8399999999999,364,27
TURQ ICE CREAM BUM BAG ,296.25,175,10
TURQ PENDANT TRIPLE SHELL NECKLACE,14.850000000000001,3,1
TURQ STONE/CRYSTAL EARRINGS,23.6,8,2
TURQ+RED BOUDICCA LARGE BRACELET,229.35000000000002,33,10
TURQOISE ICE CREAM SUNHAT,234.56,224,14
TURQUOISE BERTIE GLASS BEAD CHARM,67.5,75,3
TURQUOISE CHRISTMAS TREE ,17.5,14,6
TURQUOISE CRYSTAL+GLASS BRACELET,158.4,32,7
TURQUOISE GLASS TASSLE BAG CHARM ,32.45,11,6
TURQUOISE HEART OF GLASS BRACELET,65.45,11,4
TUSCAN VILLA BIRD FEEDER,99.0,12,5
TUSCAN VILLA BIRD TABLE ,107.25,13,7
TUSCAN VILLA DOVECOTE,82.5,10,3
TUSCAN VILLA DOVECOTE BIRD FEEDER,200.25,25,9
TUSCAN VILLA FEEDING STATION,41.25,5,3
TV DINNER TRAY AIR HOSTESS ,1367.38,392,50
TV DINNER TRAY DOLLY GIRL,3781.42,879,67
TV DINNER TRAY VINTAGE PAISLEY,1859.64,552,63
TWO DOOR CURIO CABINET,4627.95,396,72
TWO EMBOSSED HEART MINI DRAWERS,1212.9,542,14
UBO-LIGHT TRIOBASE BLUE,3.4,4,2
UBO-LIGHT TRIOBASE PURPLE,0.85,1,1
UNION FLAG WINDSOCK,836.3700000000001,753,30
UNION JACK FLAG LUGGAGE TAG,1365.9,1097,89
UNION JACK FLAG PASSPORT COVER ,2014.6200000000001,1039,81
UNION JACK GUNS & ROSES  DOORMAT,2333.75,517,26
UNION JACK HOT WATER BOTTLE ,2342.55,409,64
UNION STRIPE CUSHION COVER ,663.75,531,47
UNION STRIPE WITH FRINGE  HAMMOCK,6729.1900000000005,897,100
URBAN BLACK RIBBONS ,1119.31,1152,88
URBAN CHIC CHOPSTICKS SET/5,648.6,348,19
UTILTY CABINET WITH HOOKS,3419.6000000000004,170,9
VANILLA CANDLE IN EMBOSSED ZINC POT,11.829999999999998,7,2
VANILLA INCENSE 40 CONES IN TIN,63.95,55,10
VANILLA INCENSE IN TIN,1031.58,2328,64
VANILLA SCENT CAKE CANDLE ,177.12,816,5
VANILLA SCENT CANDLE JEWELLED BOX,3435.29,1227,60
VEGETABLE GARDEN CHOPPING BOARD,218.7,50,9
VEGETABLE MAGNETIC  SHOPPING LIST,49.8,36,3
VENDETTA CANVAS PICTURE,3.75,1,1
VICTORIAN  METAL POSTCARD SPRING,4713.97,3517,109
VICTORIAN GLASS HANGING T-LIGHT,34997.54,28784,277
VICTORIAN METAL POSTCARD CHRISTMAS,285.45,173,16
VICTORIAN SEWING BOX LARGE,8954.63,757,94
VICTORIAN SEWING BOX MEDIUM,7278.1900000000005,980,98
VICTORIAN SEWING BOX SMALL ,9398.91,1652,138
VICTORIAN SEWING KIT,4139.89,3861,90
VILLAGE SHOW WALL ART,1889.2199999999998,354,11
VINTAGE  2 METER FOLDING RULER,1870.3199999999997,1132,83
VINTAGE  2 METRE FOLDING RULER,1641.6399999999999,984,65
VINTAGE BEAD CHAISE LONG JEWEL BOX,13.5,2,1
VINTAGE BEAD COSMETIC BAG ,51.82,16,9
VINTAGE BEAD FILLED PINK CUSHION,4.95,1,1
VINTAGE BEAD NOTEBOOK,342.20000000000005,116,20
VINTAGE BEAD PINK EVENING BAG,436.38,291,20
VINTAGE BEAD PINK JEWEL BOX,106.25,25,8
VINTAGE BEAD PINK JEWEL STAND,14.850000000000001,3,3
VINTAGE BEAD PINK PURSE ,498.18,466,20
VINTAGE BEAD PINK SCARF ,302.7,172,16
VINTAGE BEAD PINK SHADE ,380.0,307,11
VINTAGE BELLS GARLAND,1628.1,570,74
VINTAGE BILLBOARD DRINK ME MUG,2971.09,2845,87
VINTAGE BILLBOARD LOVE/HATE MUG,2726.7599999999998,2896,84
VINTAGE BILLBOARD MUG ,1281.56,1370,55
VINTAGE BILLBOARD TEA MUG,3696.34,3824,63
VINTAGE BLUE KITCHEN CABINET,4261.5,21,20
VINTAGE BLUE TINSEL REEL,137.76,312,19
VINTAGE CARAVAN GIFT WRAP,883.0,2150,59
VINTAGE CARAVAN GREETING CARD ,1158.52,2849,91
VINTAGE CAT FOOD CONTAINER,205.43999999999997,32,4
VINTAGE CHRISTMAS BUNTING,9501.67,2017,162
VINTAGE CHRISTMAS CAKE FRILL,2409.6,1504,70
VINTAGE CHRISTMAS GIFT BAG LARGE ,1499.35,1307,51
VINTAGE CHRISTMAS GIFT SACK,4406.650000000001,1095,111
VINTAGE CHRISTMAS PAPER GIFT BAG,944.8199999999999,1201,55
VINTAGE CHRISTMAS STOCKING ,3718.0499999999997,1475,145
VINTAGE CHRISTMAS TABLECLOTH,3776.02,322,60
VINTAGE COFFEE GRINDER BOX,331.95000000000005,69,14
VINTAGE COLLAGE  GREETING  CARD ,16.8,40,1
VINTAGE CREAM 3 BASKET CAKE STAND,11284.42,1236,152
VINTAGE CREAM CAT FOOD CONTAINER,3691.14,628,97
VINTAGE CREAM DOG FOOD CONTAINER,5975.25,735,123
VINTAGE DOG FOOD CONTAINER,291.64,34,5
VINTAGE DOILY DELUXE SEWING KIT ,2832.35,493,89
VINTAGE DOILY JUMBO BAG RED ,5190.78,2616,155
VINTAGE DOILY TRAVEL SEWING KIT,4901.55,2575,168
VINTAGE DONKEY TAIL GAME ,4782.25,1386,109
VINTAGE EMBOSSED HEART,559.96,452,33
VINTAGE ENAMEL & CRYSTAL EARRINGS,49.5,10,5
VINTAGE ENAMEL & CRYSTAL NECKLACE,9.9,2,2
VINTAGE ENGRAVED HEART,15.0,12,1
VINTAGE GLASS COFFEE CADDY,987.4000000000001,173,34
VINTAGE GLASS SUGAR CADDY,208.20000000000002,36,14
VINTAGE GLASS T-LIGHT HOLDER,1202.3799999999999,1502,52
VINTAGE GLASS TEA CADDY,940.4000000000001,162,32
VINTAGE GOLD TINSEL REEL,70.14,147,14
VINTAGE HEADS AND TAILS CARD GAME ,12873.130000000001,10907,314
VINTAGE JINGLE BELLS HEART,1056.0,128,32
VINTAGE JINGLE BELLS WREATH,404.25,49,12
VINTAGE KEEPSAKE BOX BEAUTY GIRL,6.35,1,1
VINTAGE KEEPSAKE BOX PARIS DAYS,237.14999999999998,57,5
VINTAGE KEEPSAKE BOX PINK FLOWER,114.3,18,9
VINTAGE KEEPSAKE BOX TRAVELOGUE,248.35,89,13
VINTAGE KID DOLLY CARD ,1752.01,4350,120
VINTAGE KITCHEN PRINT FRUITS,257.55,101,24
VINTAGE KITCHEN PRINT PUDDINGS,357.0,140,25
VINTAGE KITCHEN PRINT SEAFOOD,626.1,510,15
VINTAGE KITCHEN PRINT VEGETABLES,784.2,636,18
VINTAGE LEAF CHOPPING BOARD  ,550.35,117,28
VINTAGE LEAF MAGNETIC NOTEPAD,1665.0,1188,100
VINTAGE NOTEBOOK BEAUTY GIRL,103.25000000000001,35,9
VINTAGE NOTEBOOK FRENCH LETTER ,11.8,4,2
VINTAGE NOTEBOOK PARIS DAYS,457.55,245,17
VINTAGE NOTEBOOK PINK FLOWER,56.050000000000004,19,6
VINTAGE NOTEBOOK RED ROSE,64.9,22,7
VINTAGE NOTEBOOK TRAVELOGUE,375.20000000000005,224,16
VINTAGE PAISLEY STATIONERY SET,2147.64,1342,110
VINTAGE PHOTO ALBUM PARIS DAYS,412.59999999999997,68,7
VINTAGE PINK DECORATIVE PARASOL,479.25,79,16
VINTAGE PINK TINSEL REEL ,14.700000000000001,7,2
VINTAGE POST OFFICE CABINET,5496.47,91,24
VINTAGE RED ENAMEL TRIM JUG ,1346.67,365,64
VINTAGE RED ENAMEL TRIM MUG ,1212.18,1002,53
VINTAGE RED ENAMEL TRIM PLATE,853.6899999999998,533,38
VINTAGE RED KITCHEN CABINET,7465.0,44,30
VINTAGE RED MUG,1028.8600000000001,1436,53
VINTAGE RED TEATIME MUG,2548.69,3350,71
VINTAGE RED TRIM ENAMEL BOWL ,854.29,692,42
VINTAGE ROSE BEAD BRACELET BLACK,136.0,32,11
VINTAGE ROSE BEAD BRACELET BLUE,42.5,10,5
VINTAGE ROSE BEAD BRACELET RASPBERR,187.0,44,12
VINTAGE SEASIDE JIGSAW PUZZLES,2347.3,652,78
VINTAGE SHELLS PRINT,466.85,73,18
VINTAGE SNAKES & LADDERS,7655.27,2169,195
VINTAGE SNAP CARDS,14324.829999999998,18295,355
VINTAGE UNION JACK APRON,3249.4900000000002,481,87
VINTAGE UNION JACK BUNTING,38548.12,4585,272
VINTAGE UNION JACK CUSHION COVER,12507.37,2279,150
VINTAGE UNION JACK DOORSTOP,7033.7300000000005,1195,135
VINTAGE UNION JACK MEMOBOARD,39878.78,5626,154
VINTAGE UNION JACK PENNANT,1733.55,889,82
VINTAGE UNION JACK SHOPPING BAG,2731.65,579,74
VINTAGE WOODEN BAR STOOL,668.75,25,7
VINTAGE WOODEN PLATE RACK,199.75,5,5
VINTAGE ZINC PLANTER  ,36.19,11,3
VINTAGE ZINC WATERING CAN,89.55,9,5
VINTAGE ZINC WATERING CAN SMALL,39.6,8,2
VINYL RECORD FRAME SILVER,8062.84,2338,50
VIP HOLIDAY PURSE,64.68,20,8
VIP LUGGAGE TAG ,66.25,53,12
VIP PASSPORT COVER ,44.1,21,5
VIPPASSPORT COVER ,291.48,172,24
WAKE UP COCKEREL CALENDAR SIGN ,161.13,40,14
WAKE UP COCKEREL TILE COASTER,163.17999999999998,374,14
WAKE UP COCKEREL TILE HOOK,88.92,57,17
WAKE UP COCKEREL WALL THERMOMETER,306.0,168,8
"WALL ART , LOVES' SECRET ",23.8,4,1
"WALL ART ,PUDDINGS ",61.2,8,2
WALL ART 70'S ALPHABET ,2026.23,287,30
WALL ART ANIMALS AND NATURE ,422.25,135,21
WALL ART BICYCLE SAFETY,3031.72,580,76
WALL ART BICYCLE SAFTEY ,114.15,21,3
WALL ART BIG LOVE ,4951.01,907,56
WALL ART BUFFALO BILL ,887.6700000000001,309,20
WALL ART CAT AND BIRD ,212.27,79,11
WALL ART CLASSIC PUDDINGS ,5504.29,749,70
WALL ART DOG AND BALL ,159.82,66,10
WALL ART DOG LICENCE ,1979.58,426,42
WALL ART DOLLY GIRL ,862.6200000000001,302,15
WALL ART GARDEN HAVEN ,841.24,192,20
WALL ART HORSE & PONY ,595.9200000000001,196,23
WALL ART I LOVE LONDON ,347.70000000000005,78,15
WALL ART KEEP CALM ,4548.900000000001,920,47
WALL ART LOVES' SECRET ,909.5600000000001,200,23
WALL ART MID CENTURY MODERN ,958.03,157,14
WALL ART ONLY ONE PERSON ,3800.7000000000003,948,40
WALL ART SPACEBOY,491.73,155,19
WALL ART STOP FOR TEA ,3003.33,561,93
WALL ART THE MAGIC FOREST ,862.74,142,6
WALL ART TREASURE AHOY ,287.97,79,20
WALL ART VILLAGE SHOW ,886.26,174,36
WALL ART VINTAGE HEART,1224.42,316,21
WALL ART WORK REST AND PLAY  ,774.2700000000001,189,17
"WALL ART,ONLY ONE PERSON ",29.700000000000003,6,1
"WALL MIRROR , DIAMANTE OVAL SHAPE",1325.5500000000002,249,28
"WALL MIRROR , RECT DIAMANTE, PINK/",973.71,161,10
WALL MIRROR RECTANGLE DIAMANTE PINK,442.20000000000005,116,10
WALL MOUNTED VINTAGE ORGANISER,4532.94,392,55
WALL TIDY RETROSPOT ,3804.06,2500,103
WASH BAG VINTAGE ROSE PAISLEY,2336.25,940,111
WASHROOM METAL SIGN,7159.11,5292,182
WATERING CAN BLUE ELEPHANT,4541.049999999999,2421,147
WATERING CAN GARDEN MARKER,1878.6999999999998,1372,67
WATERING CAN GREEN DINOSAUR,3429.02,1926,127
WATERING CAN PINK BUNNY,4787.15,2639,171
WATERING CAN SINGLE HOOK PISTACHIO,430.61,333,23
WATERMELON BATH SPONGE,1782.45,1429,47
WAVELINE SURF IRONING BOARD COVER,18.75,5,3
WAY OUT METAL SIGN ,1071.0,876,45
WEEKEND BAG VINTAGE ROSE PAISLEY,3672.8500000000004,445,86
WELCOME  WOODEN BLOCK LETTERS,5902.599999999999,616,100
WELCOME METAL SIGN,18.75,15,5
WHEELBARROW FOR CHILDREN ,4302.57,371,80
WHITE  ROSEBUD PEARL BRACELET,52.05,21,5
WHITE 3 FRAME BIRDS AND TREE ,108.25,15,5
WHITE ADVENT CANDLE,301.08,155,16
WHITE ALLIUM  ARTIFICIAL FLOWER,10.139999999999999,6,5
WHITE AND BLUE CERAMIC OIL BURNER,264.1,242,12
WHITE ANEMONE ARTIFICIAL FLOWER,131.82,78,11
WHITE BAMBOO RIBS LAMPSHADE,2318.25,2768,30
WHITE BAROQUE CARRIAGE CLOCK,89.55,9,4
WHITE BAROQUE WALL CLOCK ,606.9,66,23
WHITE BEADED GARLAND STRING 20LIGHT,4046.95,677,74
WHITE BELL HONEYCOMB PAPER ,1980.4499999999998,1305,53
WHITE BELL HONEYCOMB PAPER GARLAND ,872.9999999999999,548,50
WHITE BIRD GARDEN DESIGN MUG,85.0,68,8
WHITE BITTY LIGHT CHAIN ,373.53000000000003,89,15
WHITE BROCANTE SOAP DISH,1585.5500000000002,557,64
WHITE CANDYSTUFT ARTIFICIAL FLOWER,399.96,300,15
WHITE CERAMIC PARTY SET (5PCS),261.08,76,5
WHITE CHERRY LIGHTS,-674.3499999999999,-123,98
WHITE CHOCOLATE SCENT CANDLE,65.55000000000001,87,5
WHITE CHRISTMAS FLOCK DROPLET ,36.41,61,4
WHITE CHRISTMAS GARLAND STARS TREES,1046.7,282,41
WHITE CHRISTMAS HEART DECORATION,472.08,1124,41
WHITE CHRISTMAS STAR DECORATION,625.8,1490,55
WHITE CHRISTMAS TREE 60CM,2.95,1,1
WHITE CHRISTMAS TREE DECORATION ,345.65999999999997,823,33
WHITE CHRYSANTHEMUMS ART FLOWER,229.20000000000002,152,9
WHITE DOVE HONEYCOMB PAPER GARLAND,6019.249999999999,3933,110
WHITE ENAMEL FLOWER HAIR TIE,0.0,0,1
WHITE FOXGLOVE ARTIIFCIAL FLOWER,30.599999999999998,12,2
WHITE FRANGIPANI HAIR CLIP,8.5,10,1
WHITE FRANGIPANI NECKLACE,25.5,10,3
WHITE GLASS CHUNKY CHARM BRACELET,279.95,32,10
WHITE GLASS TV TRIPLE FRAME,12.75,3,2
WHITE GOOSE FEATHER CHRISTMAS TREE ,694.7500000000001,245,36
WHITE GOOSE FEATHER TREE 60CM ,412.04999999999995,199,27
WHITE GRAND BAROQUE PHOTO FRAME,197.5,110,7
WHITE HAND TOWEL WITH BUTTERFLY,398.7,146,11
WHITE HANGING BEADS CANDLE HOLDER,2911.8,556,47
WHITE HANGING HEART T-LIGHT HOLDER,173848.31,64626,568
WHITE HEART CONFETTI IN TUBE,838.0799999999999,800,45
WHITE HEART OF GLASS BRACELET,101.15,17,5
WHITE HEARTS WIRE PLANT POT HOLDER,468.42,178,32
WHITE HONEYCOMB PAPER FAN ,116.36000000000001,64,7
WHITE HONEYCOMB PAPER GARLAND ,624.3,390,34
WHITE HYDRANGEA ART FLOWER,109.2,52,6
WHITE JEWELLED HEART DECORATION,2435.0299999999997,2945,90
WHITE LOVEBIRD LANTERN,3817.2500000000005,1355,114
WHITE METAL BAROQUE PHOTO FRAME,108.75,69,6
WHITE METAL LANTERN,9435.52,2662,136
WHITE MOROCCAN METAL LANTERN,180.42,42,7
WHITE MURANO TWIST BRACELET,253.25,60,8
WHITE NEWBAROQUE CANDLESTICK CANDLE,415.79999999999995,420,19
WHITE ORCHID FLOWER LIGHTS,-29.4,-4,3
"WHITE PEARL BEADED HEART, SMALL",217.5,174,19
WHITE PICNIC BARBECUE BUCKET,214.60000000000002,24,14
WHITE RETRODISC LAMPSHADE,1521.6,768,9
WHITE ROCKING HORSE HAND PAINTED,2139.24,1788,68
WHITE ROHMBIC BLOCK TABLE LAMP,5.9,2,1
WHITE ROSE C/COVER,47.6,8,4
WHITE ROSEBUD  PEARL EARRINGS,22.95,9,3
WHITE ROSEBUD & PEARL NECKLACE,15.0,2,1
WHITE ROUND PORCELAIN TLIGHT HOLDER,187.95,85,8
WHITE SAGE INCENSE,272.43,1333,17
WHITE SATIN DRESS JEWEL STAND,19.8,4,2
WHITE SCANDINAVIAN HEART CHRISTMAS,1.25,1,1
WHITE SILVER NECKLACE SHELL GLASS,9.95,1,1
WHITE SKULL HOT WATER BOTTLE ,12823.35,3455,229
WHITE SNOW SCANDINAVIAN STOCKING ,140.48,301,27
WHITE SOAP RACK WITH 2 BOTTLES,894.1,166,32
WHITE SPOT BLUE CERAMIC DRAWER KNOB,8926.83,7543,158
WHITE SPOT RED CERAMIC DRAWER KNOB,9930.210000000001,8373,161
WHITE SQUARE TABLE CLOCK,164.64000000000001,169,13
WHITE STITCHED CUSHION COVER,553.43,125,23
WHITE STITCHED WALL CLOCK,661.26,725,21
WHITE STONE/CRYSTAL EARRINGS,26.550000000000004,9,4
WHITE SWEETHEARTS CABINET 4 DRAWERS,1753.5,146,56
WHITE TALL PORCELAIN T-LIGHT HOLDER,1831.6499999999999,795,61
"WHITE TEA,COFFEE,SUGAR JARS",786.51,423,30
WHITE TISSUE REAM,1741.05,219,85
WHITE TRAVEL ALARM CLOCK,401.01,168,19
WHITE VINT ART DECO CRYSTAL NECKLAC,51.0,6,3
WHITE VINTAGE CRYSTAL BRACELET,33.75,5,3
WHITE VINTAGE CRYSTAL EARRINGS,7.5,2,1
WHITE WICKER STAR ,1793.4,869,114
WHITE WIRE EGG HOLDER,7323.500000000001,1340,109
WHITE WIRE PLANT POT HOLDER,23.12,8,1
WHITE WITH BLACK CATS BOWL,74.83,91,8
WHITE WITH BLACK CATS MUG,124.95000000000005,147,16
WHITE WITH BLACK CATS PLATE,89.28,144,9
WHITE WITH METAL BAG CHARM,29.700000000000003,6,3
WHITE WOOD GARDEN PLANT LADDER,7565.5599999999995,814,272
WHITE WOOD SINGLE P/FRAME,3.75,3,2
WHITE/BLUE PULL BACK RACING CAR,359.70000000000005,654,50
WHITE/BLUE RECT CERAMIC OIL BURNER,10.0,8,1
WHITE/PINK CHICK DECORATION,262.64,232,12
WHITE/PINK CHICK EASTER DECORATION,36.55,43,9
WHITE/PINK MINI CRYSTALS NECKLACE,29.7,6,3
WICKER STAR ,5517.900000000001,2679,245
WICKER WREATH LARGE,1351.01,709,98
WICKER WREATH SMALL,984.9599999999999,734,91
WILLOW BRANCH LIGHTS.,216.6,24,30
WINE BOTTLE DRESSING DARK BLUE,8.43,32,8
WINE BOTTLE DRESSING LT.BLUE,3.7899999999999996,16,6
WIRE EGG BASKET ,701.9,94,25
WIRE FLOWER T-LIGHT HOLDER,118.75,95,14
WISE MAN STAR SHAPE EGG PAN,66.89999999999999,52,15
WOBBLING METAL CHICKEN EASTER,46.75,55,7
WOOD 2 DRAWER CABINET WHITE FINISH,19480.82,3282,194
WOOD AND GLASS MEDICINE CABINET,359.4,12,11
WOOD ANIMALS HEIGHT CHART STICKERS ,17.700000000000003,6,1
WOOD BLACK BOARD ANT WHITE FINISH,48174.81,8750,230
WOOD FAN WITH FLOWER DESIGN,1189.68,1032,33
WOOD S/3 CABINET ANT WHITE FINISH,21087.8,2688,164
WOOD STAMP SET BEST WISHES,999.8799999999999,851,92
WOOD STAMP SET FLOWERS,1013.1899999999998,776,88
WOOD STAMP SET HAPPY BIRTHDAY,999.6599999999999,817,91
WOOD STAMP SET THANK YOU,1503.6699999999998,1262,118
WOOD STOCKING CHRISTMAS SCANDISPOT,1269.31,1705,118
WOOD XMAS TREE 9 FIG SHELVES,18.7,22,2
WOODEN ADVENT CALENDAR CREAM,8922.3,620,92
WOODEN ADVENT CALENDAR RED,5858.05,555,83
WOODEN BOX ADVENT CALENDAR ,6655.549999999999,769,129
WOODEN BOX OF DOMINOES,9868.880000000001,8087,297
WOODEN CHRISTMAS TREE 3 HANGING,37.800000000000004,90,9
WOODEN CROQUET GARDEN SET,15050.81,1270,182
WOODEN FRAME ANTIQUE WHITE ,28463.570000000003,10256,307
WOODEN HAPPY BIRTHDAY GARLAND,8705.15,3121,143
WOODEN HEART CHRISTMAS SCANDINAVIAN,3881.5899999999997,8107,266
WOODEN HEART CHRISTMAS SCANDISPOT,30.599999999999998,36,1
WOODEN OWLS LIGHT GARLAND ,5371.85,1433,61
WOODEN PICTURE FRAME WHITE FINISH,27669.100000000002,11744,309
WOODEN REGATTA BUNTING,3836.15,677,110
WOODEN ROUNDERS GARDEN SET ,14152.07,1636,196
WOODEN SCHOOL COLOURING SET,12183.119999999999,7628,276
WOODEN SKITTLES GARDEN SET,8891.24,692,116
WOODEN STAR CHRISTMAS SCANDINAVIAN,3236.0399999999995,7472,229
WOODEN STAR CHRISTMAS SCANDISPOT,30.599999999999998,36,1
WOODEN TREE CHRISTMAS SCANDINAVIAN,1978.32,4148,183
WOODEN TREE CHRISTMAS SCANDISPOT,30.599999999999998,36,1
WOODEN UNION JACK BUNTING,11422.480000000001,1981,215
WOODLAND  HEIGHT CHART STICKERS ,2924.4500000000003,1107,83
WOODLAND  STICKERS,1448.36,1748,61
WOODLAND ANIMAL  WRITING SET ,1628.15,1051,62
WOODLAND BUNNIES LOLLY MAKERS,992.0,497,48
WOODLAND CHARLOTTE BAG,12636.02,16124,208
WOODLAND CREATURES  WRAP,0.0,0,2
WOODLAND DESIGN  COTTON TOTE BAG,2891.25,1293,93
WOODLAND LARGE BLUE FELT HEART,91.25,73,7
WOODLAND LARGE PINK FELT HEART,305.93,277,8
WOODLAND LARGE RED FELT HEART,211.25,169,15
WOODLAND MINI BACKPACK,2577.5,650,75
WOODLAND MINI RUCKSACK ,20.75,5,2
WOODLAND PARTY BAG + STICKER SET,3467.06,2202,120
WOODLAND SMALL BLUE FELT HEART,156.04,188,16
WOODLAND SMALL PINK FELT HEART,141.1,170,15
WOODLAND SMALL RED FELT HEART,389.73,495,26
WOODLAND STORAGE BOX LARGE ,1300.99,613,36
WOODLAND STORAGE BOX SMALL,987.0500000000001,749,29
WOODLAND WATER TRANSFER TATTOOS ,786.4,928,65
WOOLLY HAT SOCK GLOVE ADVENT STRING,3209.3500000000004,1083,76
WORLD WAR 2 GLIDERS ASSTD DESIGNS,15736.369999999999,66059,233
WOVEN BERRIES CUSHION COVER ,289.05,175,8
WOVEN BUBBLE GUM CUSHION COVER,269.25,171,11
WOVEN CANDY CUSHION COVER ,149.4,84,6
WOVEN FROST CUSHION COVER,144.45,83,5
WOVEN ROSE GARDEN CUSHION COVER ,244.20000000000002,148,6
WOVEN SUNSET CUSHION COVER ,64.35,13,3
WRAP  PINK FLOCK,229.0,550,19
WRAP  VINTAGE DOILEY ,42.0,100,2
WRAP  VINTAGE DOILY ,735.0,1750,52
"WRAP , SUMMER ROSE DESIGN",42.0,100,4
WRAP 50'S  CHRISTMAS,1157.46,2813,82
WRAP A PRETTY THANK YOU,21.0,50,2
WRAP ALPHABET DESIGN,2556.0,6400,120
WRAP ALPHABET POSTER  ,603.5,1475,47
WRAP BAD HAIR DAY,50.0,500,16
WRAP BILLBOARD FONTS DESIGN,556.5,1325,37
WRAP BIRD GARDEN ,451.5,1075,37
WRAP BLIZZARD,231.0,550,20
WRAP BLUE REINDEER,283.5,675,20
WRAP BLUE RUSSIAN FOLKART,336.75,925,29
WRAP BOUDOIR ,10.0,100,3
WRAP CAROUSEL,94.5,225,7
WRAP CHRISTMAS DECOUPAGE,10.5,25,1
WRAP CHRISTMAS SCREEN PRINT,571.75,1950,53
WRAP CHRISTMAS VILLAGE,2282.92,5626,144
WRAP CIRCUS PARADE,1537.5,3775,95
WRAP COWBOYS  ,1160.3,2915,70
WRAP DAISY CARPET ,341.5,950,33
WRAP DOILEY DESIGN,1548.0,3800,90
WRAP DOLLY GIRL,1731.0,4350,81
WRAP ENGLISH ROSE ,3797.4,9298,159
WRAP FLOWER SHOP  ,430.5,1025,35
WRAP FOLK ART,367.25,1025,35
WRAP GINGHAM ROSE ,660.0,1600,43
WRAP GREEN PEARS ,1050.0,2500,71
WRAP GREEN RUSSIAN FOLKART ,284.25,800,30
WRAP I LOVE LONDON ,2220.68,5754,70
WRAP KEEP CALM BIRTHDAY,439.5,1075,32
WRAP MAGIC FOREST ,336.0,800,31
WRAP MONSTER FUN ,556.5,1325,39
WRAP PAISLEY PARK ,1050.0,2500,76
WRAP PINK FAIRY CAKES ,4864.8,12590,147
WRAP POPPIES  DESIGN,1664.5,4125,90
WRAP RED APPLES ,2524.0,6200,117
WRAP RED DOILEY,147.0,350,14
WRAP RED VINTAGE DOILY,656.0,1600,44
WRAP ROMANTIC DECOUPAGE,10.5,25,1
WRAP SUKI AND FRIENDS,1986.92,4926,89
WRAP SUMMER ROSE DESIGN,31.5,75,3
WRAP SWEETS LIGHT PINK SMALL BOWL,64.36,60,4
WRAP VINTAGE LEAF DESIGN,1584.0,4000,77
WRAP VINTAGE PETALS  DESIGN,1023.0,2550,68
WRAP WEDDING DAY,748.5,1925,42
WRAP WINTER FOREST,73.5,175,6
"WRAP, BILLBOARD FONTS DESIGN",905.3000000000001,2365,44
"WRAP, CAROUSEL",199.5,475,16
"WRAP, FRIENDSHIP ON GREEN",388.5,925,31
"WRAP,SUKI AND FRIENDS",1048.0,2600,58
"WRAPPING PAPER, XMAS VILLAGE",10.5,25,1
YELLOW + BROWN BEAR FELT PURSE KIT,22.5,18,7
YELLOW BIRDS FELT DES FOODCOVER,18.75,5,2
YELLOW BREAKFAST CUP AND SAUCER,54.0,40,10
YELLOW BROWN BEAR FELT PURSE KIT,10.0,8,2
YELLOW COAT RACK PARIS FASHION,1009.8900000000001,227,57
YELLOW DRAGONFLY HELICOPTER,397.5,50,20
YELLOW EASTER EGG HUNT START POST,335.25,183,22
YELLOW FELT HANGING HEART W FLOWER,5.1,6,1
YELLOW FLOWERS FELT HANDBAG KIT,153.3,73,23
YELLOW GIANT GARDEN THERMOMETER,1154.77,187,35
YELLOW KNITTED KIDS RUCKSACK,101.25,15,3
YELLOW METAL CHICKEN HEART ,1299.6,936,64
YELLOW PINK FLOWER DESIGN BIG BOWL,13.09,27,3
YELLOW POT PLANT CANDLE,1004.2500000000001,407,23
YELLOW PURPLE DAISY FELT PURSE KIT,71.25,57,13
YELLOW RABBIT SAT EASTER,5.04,12,1
YELLOW RED FLOWER PIGGY BANK,192.59999999999997,104,5
YELLOW SHARK HELICOPTER,365.7,46,30
YELLOW VW BEETLE CERAMIC MONEY BOX,45.349999999999994,17,3
YELLOW/BLUE RETRO RADIO,50.150000000000006,17,4
YELLOW/ORANGE FLOWER DESIGN PLATE,17.4,60,1
YELLOW/PINK CERAMIC CANDLE HOLDER,3.3,2,1
YELLOW/PINK FLOWER DESIGN BIG MUG,21.06,22,11
YOU'RE CONFUSING ME METAL SIGN ,11023.69,7153,137
YULETIDE IMAGES GIFT WRAP SET,638.76,556,46
YULETIDE IMAGES S/6 PAPER BOXES,593.55,535,34
ZINC  HEART T-LIGHT HOLDER,704.6800000000001,596,27
ZINC  STAR T-LIGHT HOLDER ,852.02,730,19
ZINC BOX SIGN HOME,917.78,94,37
ZINC FINISH 15CM PLANTER POTS,1160.26,958,54
ZINC FOLKART SLEIGH BELLS,8342.69,5129,209
ZINC HEART FLOWER T-LIGHT HOLDER,663.43,533,36
ZINC HEART HANGER WITH HOOKS,-4.25,-1,1
ZINC HEART LATTICE 2 WALL PLANTER,273.04999999999995,43,9
ZINC HEART LATTICE CHARGER LARGE,127.5,34,10
ZINC HEART LATTICE CHARGER SMALL,103.25000000000001,35,9
ZINC HEART LATTICE DOUBLE PLANTER,221.85000000000002,79,8
ZINC HEART LATTICE PLANTER BOWL,82.60000000000001,28,8
ZINC HEART LATTICE T-LIGHT HOLDER,1039.22,850,57
ZINC HEART LATTICE TRAY OVAL ,148.75,25,13
ZINC HEARTS PLANT POT HOLDER,377.25,135,26
ZINC HERB GARDEN CONTAINER,1929.53,314,85
ZINC METAL HEART DECORATION,16100.18,13543,286
ZINC PLANT POT HOLDER,23.12,8,1
ZINC POLICE BOX LANTERN,759.9,189,2
ZINC SWEETHEART SOAP DISH,45.370000000000005,23,10
ZINC SWEETHEART WIRE LETTER RACK,593.63,160,41
ZINC T-LIGHT HOLDER STAR LARGE,1202.2499999999998,1283,77
ZINC T-LIGHT HOLDER STARS LARGE,22.799999999999997,24,2
ZINC T-LIGHT HOLDER STARS SMALL,2743.47,3477,107
ZINC TOP  2 DOOR WOODEN SHELF ,838.9,142,29
ZINC WILLIE WINKIE  CANDLE STICK,3542.8199999999997,4302,141
ZINC WIRE KITCHEN ORGANISER,94.0,14,8
ZINC WIRE SWEETHEART LETTER TRAY,209.49,65,11
